keyword,raw_query,category,priority,volume_28d_display,average_volume_display,kd,zero_click_display,action,current_or_planned_path,gap,source_url,observed_at_utc
aion 2 max level,aion 2 max level,level cap,P1,8.6K,443,1,85%,维护已有答案,/leveling#global-leveling,已有 Global/KR/TW 等级上限说明；优化关键词入口，更新时复核官方版本。,https://pro.similarweb.com/#/digitalsuite/acquisition/findkeywords/keyword-generator-tool/999/28d?searchEngine=google&keyword=aion%202&webSource=Total&isWWW=*&tab=phraseMatch&difficultyFromValue=1&difficultyToValue=20&multiIncludeExcludeKeywords=%5B%5D,2026-10-04T02:45:31.690Z
aion 2 dps meter,aion 2 dps meter,damage meters,P1,5.1K,1K,6,88%,补充已有页,/notmeter,已有 NotMeter 安装与 DPS 说明；可加强通用 DPS meter 意图和 Global 兼容说明。,https://pro.similarweb.com/#/digitalsuite/acquisition/findkeywords/keyword-generator-tool/999/28d?searchEngine=google&keyword=aion%202&webSource=Total&isWWW=*&tab=phraseMatch&difficultyFromValue=1&difficultyToValue=20&multiIncludeExcludeKeywords=%5B%5D,2026-10-04T02:45:31.690Z
aion 2 global changes,aion 2 global changes,regional version differences,P1,1.2K,140,7,64%,候选新页,/global-changes（计划）,独立整理 Global 与 KR/TW 差异；逐项补地区、版本与官方证据。,https://pro.similarweb.com/#/digitalsuite/acquisition/findkeywords/keyword-generator-tool/999/28d?searchEngine=google&keyword=aion%202&webSource=Total&isWWW=*&tab=phraseMatch&difficultyFromValue=1&difficultyToValue=20&multiIncludeExcludeKeywords=%5B%5D,2026-10-04T02:45:31.690Z
aion 2 global changes,aion 2 global change,regional version differences,P1,< 50,62,8,83%,候选新页,/global-changes（计划）,独立整理 Global 与 KR/TW 差异；逐项补地区、版本与官方证据。,https://pro.similarweb.com/#/digitalsuite/acquisition/findkeywords/keyword-generator-tool/999/28d?searchEngine=google&keyword=aion%202&webSource=Total&isWWW=*&tab=phraseMatch&difficultyFromValue=1&difficultyToValue=20&multiIncludeExcludeKeywords=%5B%5D,2026-10-04T02:45:31.690Z
aion 2 how to play on taiwan server,how to play aion 2 on taiwan server,regional installation,P2,890,147,2,82%,候选区域教程,/download；/taiwan-server-guide（计划）,已有地区入口说明；完整 TW 注册、客户端、语言、地区限制步骤仍需核验。,https://pro.similarweb.com/#/digitalsuite/acquisition/findkeywords/keyword-generator-tool/999/28d?searchEngine=google&keyword=aion%202&webSource=Total&isWWW=*&tab=phraseMatch&difficultyFromValue=1&difficultyToValue=20&multiIncludeExcludeKeywords=%5B%5D,2026-10-04T02:45:31.690Z
aion 2 private server,aion 2 private server,private servers,P3,2.1K,651,19,83%,暂缓,/private-server（计划）,需求存在；须核实是否为 AION 2，避免混入 AION 1 私服和未证实服务。,https://pro.similarweb.com/#/digitalsuite/acquisition/findkeywords/keyword-generator-tool/999/28d?searchEngine=google&keyword=aion%202&webSource=Total&isWWW=*&tab=phraseMatch&difficultyFromValue=1&difficultyToValue=20&multiIncludeExcludeKeywords=%5B%5D,2026-10-04T02:45:31.690Z
aion 2 global server,aion2 global server,server regions,P2,640,329,20,83%,维护已有页,/server,已有 Global 大区和服务器；继续区分 TW/KR 与 Global 服务。,https://pro.similarweb.com/#/digitalsuite/acquisition/findkeywords/keyword-generator-tool/999/28d?searchEngine=google&keyword=aion%202&webSource=Total&isWWW=*&tab=phraseMatch&difficultyFromValue=1&difficultyToValue=20&multiIncludeExcludeKeywords=%5B%5D,2026-10-04T02:45:31.690Z
aion 2 console release,aion 2 console release,console availability,P2,460,53,20,87%,补充已有 FAQ,/steam#platform-and-controller-support,核实主机发行公告；缺少公告不能写成永久不支持。,https://pro.similarweb.com/#/digitalsuite/acquisition/findkeywords/keyword-generator-tool/999/28d?searchEngine=google&keyword=aion%202&webSource=Total&isWWW=*&tab=phraseMatch&difficultyFromValue=1&difficultyToValue=20&multiIncludeExcludeKeywords=%5B%5D,2026-10-04T02:45:31.690Z
aion 2 how to play,aion 2 how to play,getting started,P2,420,744,13,74%,合并到已有页,/guide；/download,统一入门与安装意图；不同原始问法的搜索量和 KD 分别保留，不相加。,https://pro.similarweb.com/#/digitalsuite/acquisition/findkeywords/keyword-generator-tool/999/28d?searchEngine=google&keyword=aion%202&webSource=Total&isWWW=*&tab=phraseMatch&difficultyFromValue=1&difficultyToValue=20&multiIncludeExcludeKeywords=%5B%5D,2026-10-04T02:45:31.690Z
aion 2 how to play,how to play aion2,getting started,P2,< 50,540,6,50%,合并到已有页,/guide；/download,统一入门与安装意图；不同原始问法的搜索量和 KD 分别保留，不相加。,https://pro.similarweb.com/#/digitalsuite/acquisition/findkeywords/keyword-generator-tool/999/28d?searchEngine=google&keyword=aion%202&webSource=Total&isWWW=*&tab=phraseMatch&difficultyFromValue=1&difficultyToValue=20&multiIncludeExcludeKeywords=%5B%5D,2026-10-04T02:45:31.690Z
aion 2 how to play,how to play aion 2,getting started,P2,< 50,1.5K,6,70%,合并到已有页,/guide；/download,统一入门与安装意图；不同原始问法的搜索量和 KD 分别保留，不相加。,https://pro.similarweb.com/#/digitalsuite/acquisition/findkeywords/keyword-generator-tool/999/28d?searchEngine=google&keyword=aion%202&webSource=Total&isWWW=*&tab=phraseMatch&difficultyFromValue=1&difficultyToValue=20&multiIncludeExcludeKeywords=%5B%5D,2026-10-04T02:45:31.690Z
aion 2 how to play,aion 2 how tp play,getting started,P2,< 50,61,13,76%,合并到已有页,/guide；/download,统一入门与安装意图；不同原始问法的搜索量和 KD 分别保留，不相加。,https://pro.similarweb.com/#/digitalsuite/acquisition/findkeywords/keyword-generator-tool/999/28d?searchEngine=google&keyword=aion%202&webSource=Total&isWWW=*&tab=phraseMatch&difficultyFromValue=1&difficultyToValue=20&multiIncludeExcludeKeywords=%5B%5D,2026-10-04T02:45:31.690Z
aion 2 new class,aion 2 new class,class availability,P2,390,162,9,73%,维护已有答案,/classes#brawler-and-regional-guides,已有 Brawler 地区区别；Global 新职业开放状态待官方更新。,https://pro.similarweb.com/#/digitalsuite/acquisition/findkeywords/keyword-generator-tool/999/28d?searchEngine=google&keyword=aion%202&webSource=Total&isWWW=*&tab=phraseMatch&difficultyFromValue=1&difficultyToValue=20&multiIncludeExcludeKeywords=%5B%5D,2026-10-04T02:45:31.690Z
aion 2 eu release date,aion2 eu release date,regional release schedule,P2,340,129,6,48%,维护已有答案,/steam#access-schedule,已有 Global 开放时间；按欧洲时区和当前阶段核对。,https://pro.similarweb.com/#/digitalsuite/acquisition/findkeywords/keyword-generator-tool/999/28d?searchEngine=google&keyword=aion%202&webSource=Total&isWWW=*&tab=phraseMatch&difficultyFromValue=1&difficultyToValue=20&multiIncludeExcludeKeywords=%5B%5D,2026-10-04T02:45:31.690Z
aion 2 class change,aion 2 class change,class switching,P1,220,< 50,9,83%,补充已有页,/classes（拟补 FAQ）,现有职业页没有完整转职答案；先核实是否支持、操作与限制，不推断机制。,https://pro.similarweb.com/#/digitalsuite/acquisition/findkeywords/keyword-generator-tool/999/28d?searchEngine=google&keyword=aion%202&webSource=Total&isWWW=*&tab=phraseMatch&difficultyFromValue=1&difficultyToValue=20&multiIncludeExcludeKeywords=%5B%5D,2026-10-04T02:45:31.690Z
aion 2 gathering map,aion 2 gathering map,gathering locations,P1,180,96,1,57%,维护已有答案,/gathering#gathering-routes；/map,已有地图筛选与采集路线；可增强资源筛选示例和入口。,https://pro.similarweb.com/#/digitalsuite/acquisition/findkeywords/keyword-generator-tool/999/28d?searchEngine=google&keyword=aion%202&webSource=Total&isWWW=*&tab=phraseMatch&difficultyFromValue=1&difficultyToValue=20&multiIncludeExcludeKeywords=%5B%5D,2026-10-04T02:45:31.690Z
aion 2 talent calculator,aion 2 talent calculator,talent planning tools,P1,120,< 50,2,86%,候选工具,/builds；/talent-calculator（计划）,需核对 Global 天赋数据、节点与点数规则；不能把现有角色查询工具算作天赋计算器。,https://pro.similarweb.com/#/digitalsuite/acquisition/findkeywords/keyword-generator-tool/999/28d?searchEngine=google&keyword=aion%202&webSource=Total&isWWW=*&tab=phraseMatch&difficultyFromValue=1&difficultyToValue=20&multiIncludeExcludeKeywords=%5B%5D,2026-10-04T02:45:31.690Z
aion 2 what does quna do,aion 2 what does quna do,premium currency uses,P2,< 50,186,9,77%,维护已有答案,/monetization#currency-and-trading,已有 Quna 用途与兑换说明；当前 28 天量低于 50，先做 FAQ。,https://pro.similarweb.com/#/digitalsuite/acquisition/findkeywords/keyword-generator-tool/999/28d?searchEngine=google&keyword=aion%202&webSource=Total&isWWW=*&tab=phraseMatch&difficultyFromValue=1&difficultyToValue=20&multiIncludeExcludeKeywords=%5B%5D,2026-10-04T02:45:31.690Z
aion 2 how many players per server,how many players has an aion 2 server,server capacity,P2,< 50,65,9,76%,补充已有页,/server（拟补 FAQ）,这是单服容量/人数需求；与全游戏并发不同，缺官方容量数字时不编造。,https://pro.similarweb.com/#/digitalsuite/acquisition/findkeywords/keyword-generator-tool/999/28d?searchEngine=google&keyword=aion%202&webSource=Total&isWWW=*&tab=phraseMatch&difficultyFromValue=1&difficultyToValue=20&multiIncludeExcludeKeywords=%5B%5D,2026-10-04T02:45:31.690Z
aion 2 eu server location,aion 2 eu server location,server hosting locations,P2,< 50,62,13,82%,补充已有页,/server（拟补 FAQ）,需要欧洲服务器物理部署地点证据；不能从大区名称推出机房城市。,https://pro.similarweb.com/#/digitalsuite/acquisition/findkeywords/keyword-generator-tool/999/28d?searchEngine=google&keyword=aion%202&webSource=Total&isWWW=*&tab=phraseMatch&difficultyFromValue=1&difficultyToValue=20&multiIncludeExcludeKeywords=%5B%5D,2026-10-04T02:45:31.690Z
aion 2 raid 2026,aion 2 raid 2026,raid access,P3,< 50,58,9,83%,待核实意图,/raid-guide（计划）,需要确认指向哪一地区、版本、团本与入口；低量宽泛词先观察。,https://pro.similarweb.com/#/digitalsuite/acquisition/findkeywords/keyword-generator-tool/999/28d?searchEngine=google&keyword=aion%202&webSource=Total&isWWW=*&tab=phraseMatch&difficultyFromValue=1&difficultyToValue=20&multiIncludeExcludeKeywords=%5B%5D,2026-10-04T02:45:31.690Z
aion 2 taiwan discord,aion 2 taiwan discord,regional community resources,P2,< 50,78,6,53%,补充已有页,/guide#community-resources,以地区社区导航满足需求；核验邀请链接与官方/社区身份。,https://pro.similarweb.com/#/digitalsuite/acquisition/findkeywords/keyword-generator-tool/999/28d?searchEngine=google&keyword=aion%202&webSource=Total&isWWW=*&tab=phraseMatch&difficultyFromValue=1&difficultyToValue=20&multiIncludeExcludeKeywords=%5B%5D,2026-10-04T02:45:31.690Z
aion 2 fishing release,aion2 fishing release,fishing availability,P3,< 50,56,20,83%,待核实意图,/fishing（计划）,需要确认真实机制、地区和开放公告；本轮工具词不能证明钓鱼已经开放。,https://pro.similarweb.com/#/digitalsuite/acquisition/findkeywords/keyword-generator-tool/999/28d?searchEngine=google&keyword=aion%202&webSource=Total&isWWW=*&tab=phraseMatch&difficultyFromValue=1&difficultyToValue=20&multiIncludeExcludeKeywords=%5B%5D,2026-10-04T02:45:31.690Z
aion 2 are maps connected to aion 1,are aion 2 maps connected to aion 1,world map continuity,P3,< 50,57,13,84%,补充已有页,/map（拟补 FAQ）,核实两代地图/世界关系和区域名称；先按简短 FAQ 处理。,https://pro.similarweb.com/#/digitalsuite/acquisition/findkeywords/keyword-generator-tool/999/28d?searchEngine=google&keyword=aion%202&webSource=Total&isWWW=*&tab=phraseMatch&difficultyFromValue=1&difficultyToValue=20&multiIncludeExcludeKeywords=%5B%5D,2026-10-04T02:45:31.690Z
aion 2 can i use vpn and connect to japan to play,can i use vpn and connect to japan to play aion 2?,regional service access,P3,< 50,114,1,71%,补充已有页,/download（拟补 FAQ）,核实服务地区、账号与平台限制；不把 VPN 当作已实测可用结论。,https://pro.similarweb.com/#/digitalsuite/acquisition/findkeywords/keyword-generator-tool/999/28d?searchEngine=google&keyword=aion%202&webSource=Total&isWWW=*&tab=phraseMatch&difficultyFromValue=1&difficultyToValue=20&multiIncludeExcludeKeywords=%5B%5D,2026-10-04T02:45:31.690Z
aion 2 how much do i have to p2w in global release,how much do i have to p2w in aion 2 global release,global spending expectations,P2,< 50,76,2,89%,补充已有页,/monetization,已有商业模式；不能仅凭需求给付费强度或最小花费数字，需实际 Global 依据。,https://pro.similarweb.com/#/digitalsuite/acquisition/findkeywords/keyword-generator-tool/999/28d?searchEngine=google&keyword=aion%202&webSource=Total&isWWW=*&tab=phraseMatch&difficultyFromValue=1&difficultyToValue=20&multiIncludeExcludeKeywords=%5B%5D,2026-10-04T02:45:31.690Z
