domain,rank,url,clicksDisplay,shareDisplay,keywordCount,topKeywordRaw,urlIncludeFilter,shareDenominator,sourceUrl
"aion2hub.com","1","https://aion2hub.com/classes","87.9K","56.30%","79","aion 2 classes","","whole domain organic landing report","https://pro.similarweb.com/#/organicsearch/pageAnalysis/landing-pages-v2/*/999/28d?key=aion2hub.com&pageFilter=%5B%7B%22url%22%3A%22aion2hub.com%22%2C%22searchType%22%3A%22domain%22%7D%5D&webSource=Total&selectedPageTab=Organic"
"aion2hub.com","2","https://aion2hub.com/tools/event-timer","15.4K","9.83%","72","aion 2 rift timer","","whole domain organic landing report","https://pro.similarweb.com/#/organicsearch/pageAnalysis/landing-pages-v2/*/999/28d?key=aion2hub.com&pageFilter=%5B%7B%22url%22%3A%22aion2hub.com%22%2C%22searchType%22%3A%22domain%22%7D%5D&webSource=Total&selectedPageTab=Organic"
"aion2hub.com","3","https://aion2hub.com/builds","12.3K","7.88%","52","aion 2 builds","","whole domain organic landing report","https://pro.similarweb.com/#/organicsearch/pageAnalysis/landing-pages-v2/*/999/28d?key=aion2hub.com&pageFilter=%5B%7B%22url%22%3A%22aion2hub.com%22%2C%22searchType%22%3A%22domain%22%7D%5D&webSource=Total&selectedPageTab=Organic"
"aion2hub.com","4","https://aion2hub.com/builds/gladiator","5.9K","3.78%","13","aion 2 gladiator build","","whole domain organic landing report","https://pro.similarweb.com/#/organicsearch/pageAnalysis/landing-pages-v2/*/999/28d?key=aion2hub.com&pageFilter=%5B%7B%22url%22%3A%22aion2hub.com%22%2C%22searchType%22%3A%22domain%22%7D%5D&webSource=Total&selectedPageTab=Organic"
"aion2hub.com","5","https://aion2hub.com","4.5K","2.89%","25","aion 2 hub","","whole domain organic landing report","https://pro.similarweb.com/#/organicsearch/pageAnalysis/landing-pages-v2/*/999/28d?key=aion2hub.com&pageFilter=%5B%7B%22url%22%3A%22aion2hub.com%22%2C%22searchType%22%3A%22domain%22%7D%5D&webSource=Total&selectedPageTab=Organic"
"aion2hub.com","6","https://aion2hub.com/builds/cleric","2.8K","1.81%","19","aion 2 cleric build","","whole domain organic landing report","https://pro.similarweb.com/#/organicsearch/pageAnalysis/landing-pages-v2/*/999/28d?key=aion2hub.com&pageFilter=%5B%7B%22url%22%3A%22aion2hub.com%22%2C%22searchType%22%3A%22domain%22%7D%5D&webSource=Total&selectedPageTab=Organic"
"aion2hub.com","7","https://aion2hub.com/builds/sorcerer","2.8K","1.77%","9","aion 2 sorcerer build","","whole domain organic landing report","https://pro.similarweb.com/#/organicsearch/pageAnalysis/landing-pages-v2/*/999/28d?key=aion2hub.com&pageFilter=%5B%7B%22url%22%3A%22aion2hub.com%22%2C%22searchType%22%3A%22domain%22%7D%5D&webSource=Total&selectedPageTab=Organic"
"aion2hub.com","8","https://aion2hub.com/guides/aion-2-pre-registration","2.7K","1.70%","58","aion 2 early access","","whole domain organic landing report","https://pro.similarweb.com/#/organicsearch/pageAnalysis/landing-pages-v2/*/999/28d?key=aion2hub.com&pageFilter=%5B%7B%22url%22%3A%22aion2hub.com%22%2C%22searchType%22%3A%22domain%22%7D%5D&webSource=Total&selectedPageTab=Organic"
"aion2hub.com","9","https://aion2hub.com/builds/assassin","2.1K","1.31%","12","aion 2 assassin build","","whole domain organic landing report","https://pro.similarweb.com/#/organicsearch/pageAnalysis/landing-pages-v2/*/999/28d?key=aion2hub.com&pageFilter=%5B%7B%22url%22%3A%22aion2hub.com%22%2C%22searchType%22%3A%22domain%22%7D%5D&webSource=Total&selectedPageTab=Organic"
"aion2hub.com","10","https://aion2hub.com/tools/shop","1.6K","1.04%","20","aion 2 cash shop","","whole domain organic landing report","https://pro.similarweb.com/#/organicsearch/pageAnalysis/landing-pages-v2/*/999/28d?key=aion2hub.com&pageFilter=%5B%7B%22url%22%3A%22aion2hub.com%22%2C%22searchType%22%3A%22domain%22%7D%5D&webSource=Total&selectedPageTab=Organic"
"shugo.gg","1","https://shugo.gg/tierlist","7.1K","30.04%","100","aion 2 tier list","","whole domain organic landing report","https://pro.similarweb.com/#/organicsearch/pageAnalysis/landing-pages-v2/*/999/28d?key=shugo.gg&pageFilter=%5B%7B%22url%22%3A%22shugo.gg%22%2C%22searchType%22%3A%22domain%22%7D%5D&webSource=Total&selectedPageTab=Organic"
"shugo.gg","2","https://shugo.gg","6.4K","27.44%","105","shugo gg","","whole domain organic landing report","https://pro.similarweb.com/#/organicsearch/pageAnalysis/landing-pages-v2/*/999/28d?key=shugo.gg&pageFilter=%5B%7B%22url%22%3A%22shugo.gg%22%2C%22searchType%22%3A%22domain%22%7D%5D&webSource=Total&selectedPageTab=Organic"
"shugo.gg","3","https://shugo.gg/leaderboard","4.2K","17.94%","59","aion 2 ranking","","whole domain organic landing report","https://pro.similarweb.com/#/organicsearch/pageAnalysis/landing-pages-v2/*/999/28d?key=shugo.gg&pageFilter=%5B%7B%22url%22%3A%22shugo.gg%22%2C%22searchType%22%3A%22domain%22%7D%5D&webSource=Total&selectedPageTab=Organic"
"shugo.gg","4","https://shugo.gg/timers","2.6K","11.21%","48","aion 2 timers","","whole domain organic landing report","https://pro.similarweb.com/#/organicsearch/pageAnalysis/landing-pages-v2/*/999/28d?key=shugo.gg&pageFilter=%5B%7B%22url%22%3A%22shugo.gg%22%2C%22searchType%22%3A%22domain%22%7D%5D&webSource=Total&selectedPageTab=Organic"
"shugo.gg","5","https://shugo.gg/news","700","2.98%","16","aion 2 maintenance","","whole domain organic landing report","https://pro.similarweb.com/#/organicsearch/pageAnalysis/landing-pages-v2/*/999/28d?key=shugo.gg&pageFilter=%5B%7B%22url%22%3A%22shugo.gg%22%2C%22searchType%22%3A%22domain%22%7D%5D&webSource=Total&selectedPageTab=Organic"
"shugo.gg","6","https://shugo.gg/tierlist/pvp","650","2.77%","8","aion 2 pvp class tier list","","whole domain organic landing report","https://pro.similarweb.com/#/organicsearch/pageAnalysis/landing-pages-v2/*/999/28d?key=shugo.gg&pageFilter=%5B%7B%22url%22%3A%22shugo.gg%22%2C%22searchType%22%3A%22domain%22%7D%5D&webSource=Total&selectedPageTab=Organic"
"shugo.gg","7","https://shugo.gg/tierlist/solo","530","2.26%","17","aion 2 best solo class","","whole domain organic landing report","https://pro.similarweb.com/#/organicsearch/pageAnalysis/landing-pages-v2/*/999/28d?key=shugo.gg&pageFilter=%5B%7B%22url%22%3A%22shugo.gg%22%2C%22searchType%22%3A%22domain%22%7D%5D&webSource=Total&selectedPageTab=Organic"
"shugo.gg","8","https://shugo.gg/tierlist/pve","270","1.15%","1","aion 2 classes tier list","","whole domain organic landing report","https://pro.similarweb.com/#/organicsearch/pageAnalysis/landing-pages-v2/*/999/28d?key=shugo.gg&pageFilter=%5B%7B%22url%22%3A%22shugo.gg%22%2C%22searchType%22%3A%22domain%22%7D%5D&webSource=Total&selectedPageTab=Organic"
"shugo.gg","9","https://shugo.gg/items","130","0.55%","7","aion2 item ist","","whole domain organic landing report","https://pro.similarweb.com/#/organicsearch/pageAnalysis/landing-pages-v2/*/999/28d?key=shugo.gg&pageFilter=%5B%7B%22url%22%3A%22shugo.gg%22%2C%22searchType%22%3A%22domain%22%7D%5D&webSource=Total&selectedPageTab=Organic"
"shugo.gg","10","https://shugo.gg/tierlist/pve/kr-tw","110","0.47%","2","aion2 korean builds","","whole domain organic landing report","https://pro.similarweb.com/#/organicsearch/pageAnalysis/landing-pages-v2/*/999/28d?key=shugo.gg&pageFilter=%5B%7B%22url%22%3A%22shugo.gg%22%2C%22searchType%22%3A%22domain%22%7D%5D&webSource=Total&selectedPageTab=Organic"
"aion2tool.com","1","https://aion2tool.com","113K","90.27%","88","아툴","","whole domain organic landing report","https://pro.similarweb.com/#/organicsearch/pageAnalysis/landing-pages-v2/*/999/28d?key=aion2tool.com&pageFilter=%5B%7B%22url%22%3A%22aion2tool.com%22%2C%22searchType%22%3A%22domain%22%7D%5D&webSource=Total&selectedPageTab=Organic"
"aion2tool.com","2","https://aion2tool.com/server-comparison","2.5K","2.03%","11","아툴","","whole domain organic landing report","https://pro.similarweb.com/#/organicsearch/pageAnalysis/landing-pages-v2/*/999/28d?key=aion2tool.com&pageFilter=%5B%7B%22url%22%3A%22aion2tool.com%22%2C%22searchType%22%3A%22domain%22%7D%5D&webSource=Total&selectedPageTab=Organic"
"aion2tool.com","3","https://aion2tool.com/statistics/skill","1.7K","1.33%","4","아툴","","whole domain organic landing report","https://pro.similarweb.com/#/organicsearch/pageAnalysis/landing-pages-v2/*/999/28d?key=aion2tool.com&pageFilter=%5B%7B%22url%22%3A%22aion2tool.com%22%2C%22searchType%22%3A%22domain%22%7D%5D&webSource=Total&selectedPageTab=Organic"
"aion2tool.com","4","https://aion2tool.com/ranking/combat-score","1.6K","1.25%","3","아툴","","whole domain organic landing report","https://pro.similarweb.com/#/organicsearch/pageAnalysis/landing-pages-v2/*/999/28d?key=aion2tool.com&pageFilter=%5B%7B%22url%22%3A%22aion2tool.com%22%2C%22searchType%22%3A%22domain%22%7D%5D&webSource=Total&selectedPageTab=Organic"
"aion2tool.com","5","https://aion2tool.com/region","1.4K","1.13%","6","아툴","","whole domain organic landing report","https://pro.similarweb.com/#/organicsearch/pageAnalysis/landing-pages-v2/*/999/28d?key=aion2tool.com&pageFilter=%5B%7B%22url%22%3A%22aion2tool.com%22%2C%22searchType%22%3A%22domain%22%7D%5D&webSource=Total&selectedPageTab=Organic"
"aion2tool.com","6","https://aion2tool.com/ranking/farming/title","1.3K","1.03%","2","아툴","","whole domain organic landing report","https://pro.similarweb.com/#/organicsearch/pageAnalysis/landing-pages-v2/*/999/28d?key=aion2tool.com&pageFilter=%5B%7B%22url%22%3A%22aion2tool.com%22%2C%22searchType%22%3A%22domain%22%7D%5D&webSource=Total&selectedPageTab=Organic"
"aion2tool.com","7","https://aion2tool.com/statistics/arcana","810","0.65%","7","아툴","","whole domain organic landing report","https://pro.similarweb.com/#/organicsearch/pageAnalysis/landing-pages-v2/*/999/28d?key=aion2tool.com&pageFilter=%5B%7B%22url%22%3A%22aion2tool.com%22%2C%22searchType%22%3A%22domain%22%7D%5D&webSource=Total&selectedPageTab=Organic"
"aion2tool.com","8","https://aion2tool.com/statistics/jobstats","650","0.52%","6","아툴","","whole domain organic landing report","https://pro.similarweb.com/#/organicsearch/pageAnalysis/landing-pages-v2/*/999/28d?key=aion2tool.com&pageFilter=%5B%7B%22url%22%3A%22aion2tool.com%22%2C%22searchType%22%3A%22domain%22%7D%5D&webSource=Total&selectedPageTab=Organic"
"aion2tool.com","9","https://aion2tool.com/ranking","420","0.34%","6","아이온2 아툴","","whole domain organic landing report","https://pro.similarweb.com/#/organicsearch/pageAnalysis/landing-pages-v2/*/999/28d?key=aion2tool.com&pageFilter=%5B%7B%22url%22%3A%22aion2tool.com%22%2C%22searchType%22%3A%22domain%22%7D%5D&webSource=Total&selectedPageTab=Organic"
"aion2tool.com","10","https://aion2tool.com/tier","400","0.32%","9","아이온2 아툴","","whole domain organic landing report","https://pro.similarweb.com/#/organicsearch/pageAnalysis/landing-pages-v2/*/999/28d?key=aion2tool.com&pageFilter=%5B%7B%22url%22%3A%22aion2tool.com%22%2C%22searchType%22%3A%22domain%22%7D%5D&webSource=Total&selectedPageTab=Organic"
"aion2.app","1","https://aion2.app","1K","36.73%","11","aion 2 database","","whole domain organic landing report","https://pro.similarweb.com/#/organicsearch/pageAnalysis/landing-pages-v2/*/999/28d?key=aion2.app&pageFilter=%5B%7B%22url%22%3A%22aion2.app%22%2C%22searchType%22%3A%22domain%22%7D%5D&webSource=Total&selectedPageTab=Organic"
"aion2.app","2","https://aion2.app/db/monsters/2600068","180","6.55%","1","aion 2 how hp does argo the spirit king have","","whole domain organic landing report","https://pro.similarweb.com/#/organicsearch/pageAnalysis/landing-pages-v2/*/999/28d?key=aion2.app&pageFilter=%5B%7B%22url%22%3A%22aion2.app%22%2C%22searchType%22%3A%22domain%22%7D%5D&webSource=Total&selectedPageTab=Organic"
"aion2.app","3","https://aion2.app/db/items/610530011","160","5.82%","2","aion2 leather farm reddit","","whole domain organic landing report","https://pro.similarweb.com/#/organicsearch/pageAnalysis/landing-pages-v2/*/999/28d?key=aion2.app&pageFilter=%5B%7B%22url%22%3A%22aion2.app%22%2C%22searchType%22%3A%22domain%22%7D%5D&webSource=Total&selectedPageTab=Organic"
"aion2.app","4","https://aion2.app/ru/db/quests/2202026?ysclid=muslmbl13252124682","130","4.73%","1","найти разлом упомянутый урлингом","","whole domain organic landing report","https://pro.similarweb.com/#/organicsearch/pageAnalysis/landing-pages-v2/*/999/28d?key=aion2.app&pageFilter=%5B%7B%22url%22%3A%22aion2.app%22%2C%22searchType%22%3A%22domain%22%7D%5D&webSource=Total&selectedPageTab=Organic"
"aion2.app","5","https://aion2.app/ru/db/quests/2202026?ysclid=muslmu0f5k935643573","130","4.73%","1","найти разлом упомянутый урлингом","","whole domain organic landing report","https://pro.similarweb.com/#/organicsearch/pageAnalysis/landing-pages-v2/*/999/28d?key=aion2.app&pageFilter=%5B%7B%22url%22%3A%22aion2.app%22%2C%22searchType%22%3A%22domain%22%7D%5D&webSource=Total&selectedPageTab=Organic"
"aion2.app","6","https://aion2.app/db/skills?class=Cleric","120","4.36%","1","aion 2 cleric skills","","whole domain organic landing report","https://pro.similarweb.com/#/organicsearch/pageAnalysis/landing-pages-v2/*/999/28d?key=aion2.app&pageFilter=%5B%7B%22url%22%3A%22aion2.app%22%2C%22searchType%22%3A%22domain%22%7D%5D&webSource=Total&selectedPageTab=Organic"
"aion2.app","7","https://aion2.app/db?type=pet","120","4.36%","1","aion 2 pets fossa armadon tog","","whole domain organic landing report","https://pro.similarweb.com/#/organicsearch/pageAnalysis/landing-pages-v2/*/999/28d?key=aion2.app&pageFilter=%5B%7B%22url%22%3A%22aion2.app%22%2C%22searchType%22%3A%22domain%22%7D%5D&webSource=Total&selectedPageTab=Organic"
"aion2.app","8","https://aion2.app/db/skills","110","4.00%","1","aion 2 skills","","whole domain organic landing report","https://pro.similarweb.com/#/organicsearch/pageAnalysis/landing-pages-v2/*/999/28d?key=aion2.app&pageFilter=%5B%7B%22url%22%3A%22aion2.app%22%2C%22searchType%22%3A%22domain%22%7D%5D&webSource=Total&selectedPageTab=Organic"
"aion2.app","9","https://aion2.app/leaderboard","90","3.27%","4","aion 2 ranking","","whole domain organic landing report","https://pro.similarweb.com/#/organicsearch/pageAnalysis/landing-pages-v2/*/999/28d?key=aion2.app&pageFilter=%5B%7B%22url%22%3A%22aion2.app%22%2C%22searchType%22%3A%22domain%22%7D%5D&webSource=Total&selectedPageTab=Organic"
"aion2.app","10","https://aion2.app/ru","90","3.27%","1","aion 2 у кого самая сексуальная броня","","whole domain organic landing report","https://pro.similarweb.com/#/organicsearch/pageAnalysis/landing-pages-v2/*/999/28d?key=aion2.app&pageFilter=%5B%7B%22url%22%3A%22aion2.app%22%2C%22searchType%22%3A%22domain%22%7D%5D&webSource=Total&selectedPageTab=Organic"
"aion2t.com","1","https://aion2t.com/ru/news/48","1K","31.89%","6","aion 2 официальный сайт","","whole domain organic landing report","https://pro.similarweb.com/#/organicsearch/pageAnalysis/landing-pages-v2/*/999/28d?key=aion2t.com&pageFilter=%5B%7B%22url%22%3A%22aion2t.com%22%2C%22searchType%22%3A%22domain%22%7D%5D&webSource=Total&selectedPageTab=Organic"
"aion2t.com","2","https://aion2t.com","330","10.22%","4","best guides for aion 2","","whole domain organic landing report","https://pro.similarweb.com/#/organicsearch/pageAnalysis/landing-pages-v2/*/999/28d?key=aion2t.com&pageFilter=%5B%7B%22url%22%3A%22aion2t.com%22%2C%22searchType%22%3A%22domain%22%7D%5D&webSource=Total&selectedPageTab=Organic"
"aion2t.com","3","https://aion2t.com/daevanion","220","6.81%","2","nezekan daevanion for templar nodes","","whole domain organic landing report","https://pro.similarweb.com/#/organicsearch/pageAnalysis/landing-pages-v2/*/999/28d?key=aion2t.com&pageFilter=%5B%7B%22url%22%3A%22aion2t.com%22%2C%22searchType%22%3A%22domain%22%7D%5D&webSource=Total&selectedPageTab=Organic"
"aion2t.com","4","https://aion2t.com/map","190","5.88%","2","aion 2 map","","whole domain organic landing report","https://pro.similarweb.com/#/organicsearch/pageAnalysis/landing-pages-v2/*/999/28d?key=aion2t.com&pageFilter=%5B%7B%22url%22%3A%22aion2t.com%22%2C%22searchType%22%3A%22domain%22%7D%5D&webSource=Total&selectedPageTab=Organic"
"aion2t.com","5","https://aion2t.com/dps-top","180","5.57%","1","aion 2 dps charts","","whole domain organic landing report","https://pro.similarweb.com/#/organicsearch/pageAnalysis/landing-pages-v2/*/999/28d?key=aion2t.com&pageFilter=%5B%7B%22url%22%3A%22aion2t.com%22%2C%22searchType%22%3A%22domain%22%7D%5D&webSource=Total&selectedPageTab=Organic"
"aion2t.com","6","https://aion2t.com/ru/dps-meter","180","5.57%","1","dps meter aion 2","","whole domain organic landing report","https://pro.similarweb.com/#/organicsearch/pageAnalysis/landing-pages-v2/*/999/28d?key=aion2t.com&pageFilter=%5B%7B%22url%22%3A%22aion2t.com%22%2C%22searchType%22%3A%22domain%22%7D%5D&webSource=Total&selectedPageTab=Organic"
"aion2t.com","7","https://aion2t.com/map?ysclid=muiagjvi3s883918092","140","4.33%","1","айон 2 интерактивная карта","","whole domain organic landing report","https://pro.similarweb.com/#/organicsearch/pageAnalysis/landing-pages-v2/*/999/28d?key=aion2t.com&pageFilter=%5B%7B%22url%22%3A%22aion2t.com%22%2C%22searchType%22%3A%22domain%22%7D%5D&webSource=Total&selectedPageTab=Organic"
"aion2t.com","8","https://aion2t.com/guides","120","3.72%","1","aion 2 guide","","whole domain organic landing report","https://pro.similarweb.com/#/organicsearch/pageAnalysis/landing-pages-v2/*/999/28d?key=aion2t.com&pageFilter=%5B%7B%22url%22%3A%22aion2t.com%22%2C%22searchType%22%3A%22domain%22%7D%5D&webSource=Total&selectedPageTab=Organic"
"aion2t.com","9","https://aion2t.com/ru/guides/start-guide-global","100","3.10%","1","aion 2 global","","whole domain organic landing report","https://pro.similarweb.com/#/organicsearch/pageAnalysis/landing-pages-v2/*/999/28d?key=aion2t.com&pageFilter=%5B%7B%22url%22%3A%22aion2t.com%22%2C%22searchType%22%3A%22domain%22%7D%5D&webSource=Total&selectedPageTab=Organic"
"aion2t.com","10","https://aion2t.com/ru/guides/start-guide-global?ysclid=mup5pkxiyp754573112","100","3.10%","1","пропустить создать 9 фото профиля aion 2 global","","whole domain organic landing report","https://pro.similarweb.com/#/organicsearch/pageAnalysis/landing-pages-v2/*/999/28d?key=aion2t.com&pageFilter=%5B%7B%22url%22%3A%22aion2t.com%22%2C%22searchType%22%3A%22domain%22%7D%5D&webSource=Total&selectedPageTab=Organic"
"gamers4.life","1","https://gamers4.life/aion-2/database/ja/hidden-cubes","560","11.16%","4","aion2 ヒドゥンキューブ","","whole domain organic landing report","https://pro.similarweb.com/#/organicsearch/pageAnalysis/landing-pages-v2/*/999/28d?key=gamers4.life&pageFilter=%5B%7B%22url%22%3A%22gamers4.life%22%2C%22searchType%22%3A%22domain%22%7D%5D&webSource=Total&selectedPageTab=Organic"
"gamers4.life","2","https://gamers4.life/aion-2/database/en/build-calculator","450","8.96%","14","aion 2 builds","","whole domain organic landing report","https://pro.similarweb.com/#/organicsearch/pageAnalysis/landing-pages-v2/*/999/28d?key=gamers4.life&pageFilter=%5B%7B%22url%22%3A%22gamers4.life%22%2C%22searchType%22%3A%22domain%22%7D%5D&webSource=Total&selectedPageTab=Organic"
"gamers4.life","3","https://gamers4.life/news/aion-2-interactive-map","380","7.57%","18","aion 2 map","","whole domain organic landing report","https://pro.similarweb.com/#/organicsearch/pageAnalysis/landing-pages-v2/*/999/28d?key=gamers4.life&pageFilter=%5B%7B%22url%22%3A%22gamers4.life%22%2C%22searchType%22%3A%22domain%22%7D%5D&webSource=Total&selectedPageTab=Organic"
"gamers4.life","4","https://gamers4.life/aion-2/database/en/hidden-cubes","340","6.77%","10","all cube locations aeon 2","","whole domain organic landing report","https://pro.similarweb.com/#/organicsearch/pageAnalysis/landing-pages-v2/*/999/28d?key=gamers4.life&pageFilter=%5B%7B%22url%22%3A%22gamers4.life%22%2C%22searchType%22%3A%22domain%22%7D%5D&webSource=Total&selectedPageTab=Organic"
"gamers4.life","5","https://gamers4.life/aion-2/database/en","210","4.18%","2","gamers4life aion 2 db","","whole domain organic landing report","https://pro.similarweb.com/#/organicsearch/pageAnalysis/landing-pages-v2/*/999/28d?key=gamers4.life&pageFilter=%5B%7B%22url%22%3A%22gamers4.life%22%2C%22searchType%22%3A%22domain%22%7D%5D&webSource=Total&selectedPageTab=Organic"
"gamers4.life","6","https://gamers4.life/mortal-shell-2/database/item/BlackMarrowKey","170","3.39%","2","mortal shell 2 blackmarrow key","","whole domain organic landing report","https://pro.similarweb.com/#/organicsearch/pageAnalysis/landing-pages-v2/*/999/28d?key=gamers4.life&pageFilter=%5B%7B%22url%22%3A%22gamers4.life%22%2C%22searchType%22%3A%22domain%22%7D%5D&webSource=Total&selectedPageTab=Organic"
"gamers4.life","7","https://gamers4.life/aniimo/database/database/egg-hatching","140","2.79%","7","aniimo egg gifted from flowers","","whole domain organic landing report","https://pro.similarweb.com/#/organicsearch/pageAnalysis/landing-pages-v2/*/999/28d?key=gamers4.life&pageFilter=%5B%7B%22url%22%3A%22gamers4.life%22%2C%22searchType%22%3A%22domain%22%7D%5D&webSource=Total&selectedPageTab=Organic"
"gamers4.life","8","https://gamers4.life/news/aion-2-global-founders-pack-early-access-cosmetics-and-full-content-overview","130","2.59%","9","eternal sun aion all weapon skins","","whole domain organic landing report","https://pro.similarweb.com/#/organicsearch/pageAnalysis/landing-pages-v2/*/999/28d?key=gamers4.life&pageFilter=%5B%7B%22url%22%3A%22gamers4.life%22%2C%22searchType%22%3A%22domain%22%7D%5D&webSource=Total&selectedPageTab=Organic"
"gamers4.life","9","https://gamers4.life/aion-2/database/ru/events","110","2.19%","1","айон 2 таймер","","whole domain organic landing report","https://pro.similarweb.com/#/organicsearch/pageAnalysis/landing-pages-v2/*/999/28d?key=gamers4.life&pageFilter=%5B%7B%22url%22%3A%22gamers4.life%22%2C%22searchType%22%3A%22domain%22%7D%5D&webSource=Total&selectedPageTab=Organic"
"gamers4.life","10","https://gamers4.life/es/noticias/aion-2-paquete-fundador","110","2.19%","1","moonlit aria armor skin set,","","whole domain organic landing report","https://pro.similarweb.com/#/organicsearch/pageAnalysis/landing-pages-v2/*/999/28d?key=gamers4.life&pageFilter=%5B%7B%22url%22%3A%22gamers4.life%22%2C%22searchType%22%3A%22domain%22%7D%5D&webSource=Total&selectedPageTab=Organic"
"aion2timers.com","1","https://aion2timers.com","820","33.61%","5","aion 2 timers","","whole domain organic landing report","https://pro.similarweb.com/#/organicsearch/pageAnalysis/landing-pages-v2/*/999/28d?key=aion2timers.com&pageFilter=%5B%7B%22url%22%3A%22aion2timers.com%22%2C%22searchType%22%3A%22domain%22%7D%5D&webSource=Total&selectedPageTab=Organic"
"aion2timers.com","2","https://aion2timers.com/community-tools","250","10.25%","3","lost meter for aion2","","whole domain organic landing report","https://pro.similarweb.com/#/organicsearch/pageAnalysis/landing-pages-v2/*/999/28d?key=aion2timers.com&pageFilter=%5B%7B%22url%22%3A%22aion2timers.com%22%2C%22searchType%22%3A%22domain%22%7D%5D&webSource=Total&selectedPageTab=Organic"
"aion2timers.com","3","https://aion2timers.com/calculator","200","8.20%","1","aion 2 double chance stats","","whole domain organic landing report","https://pro.similarweb.com/#/organicsearch/pageAnalysis/landing-pages-v2/*/999/28d?key=aion2timers.com&pageFilter=%5B%7B%22url%22%3A%22aion2timers.com%22%2C%22searchType%22%3A%22domain%22%7D%5D&webSource=Total&selectedPageTab=Organic"
"aion2timers.com","4","https://aion2timers.com/planner","150","6.15%","2","skill planner aion 2","","whole domain organic landing report","https://pro.similarweb.com/#/organicsearch/pageAnalysis/landing-pages-v2/*/999/28d?key=aion2timers.com&pageFilter=%5B%7B%22url%22%3A%22aion2timers.com%22%2C%22searchType%22%3A%22domain%22%7D%5D&webSource=Total&selectedPageTab=Organic"
"aion2timers.com","5","https://aion2timers.com/release-countdown","120","4.92%","1","aion to launch countdown","","whole domain organic landing report","https://pro.similarweb.com/#/organicsearch/pageAnalysis/landing-pages-v2/*/999/28d?key=aion2timers.com&pageFilter=%5B%7B%22url%22%3A%22aion2timers.com%22%2C%22searchType%22%3A%22domain%22%7D%5D&webSource=Total&selectedPageTab=Organic"
"aion2timers.com","6","https://aion2timers.com/drops","110","4.51%","2","aion 2 drop locations tool","","whole domain organic landing report","https://pro.similarweb.com/#/organicsearch/pageAnalysis/landing-pages-v2/*/999/28d?key=aion2timers.com&pageFilter=%5B%7B%22url%22%3A%22aion2timers.com%22%2C%22searchType%22%3A%22domain%22%7D%5D&webSource=Total&selectedPageTab=Organic"
"aion2timers.com","7","https://aion2timers.com/ru","110","4.51%","1","айон 2 таймер","","whole domain organic landing report","https://pro.similarweb.com/#/organicsearch/pageAnalysis/landing-pages-v2/*/999/28d?key=aion2timers.com&pageFilter=%5B%7B%22url%22%3A%22aion2timers.com%22%2C%22searchType%22%3A%22domain%22%7D%5D&webSource=Total&selectedPageTab=Organic"
"aion2timers.com","8","https://aion2timers.com/schedule","110","4.51%","2","aion2 日課サイト","","whole domain organic landing report","https://pro.similarweb.com/#/organicsearch/pageAnalysis/landing-pages-v2/*/999/28d?key=aion2timers.com&pageFilter=%5B%7B%22url%22%3A%22aion2timers.com%22%2C%22searchType%22%3A%22domain%22%7D%5D&webSource=Total&selectedPageTab=Organic"
"aion2timers.com","9","https://aion2timers.com/obs-overlay","100","4.10%","1","aion 2 twitch overlay","","whole domain organic landing report","https://pro.similarweb.com/#/organicsearch/pageAnalysis/landing-pages-v2/*/999/28d?key=aion2timers.com&pageFilter=%5B%7B%22url%22%3A%22aion2timers.com%22%2C%22searchType%22%3A%22domain%22%7D%5D&webSource=Total&selectedPageTab=Organic"
"aion2timers.com","10","https://aion2timers.com/planner/gladiator","100","4.10%","1","aion 2 gladiator build lvl 13","","whole domain organic landing report","https://pro.similarweb.com/#/organicsearch/pageAnalysis/landing-pages-v2/*/999/28d?key=aion2timers.com&pageFilter=%5B%7B%22url%22%3A%22aion2timers.com%22%2C%22searchType%22%3A%22domain%22%7D%5D&webSource=Total&selectedPageTab=Organic"
"aion2atlas.com","1","https://aion2atlas.com/skins","300","41.67%","2","aion skins","","whole domain organic landing report","https://pro.similarweb.com/#/organicsearch/pageAnalysis/landing-pages-v2/*/999/28d?key=aion2atlas.com&pageFilter=%5B%7B%22url%22%3A%22aion2atlas.com%22%2C%22searchType%22%3A%22domain%22%7D%5D&webSource=Total&selectedPageTab=Organic"
"aion2atlas.com","2","https://aion2atlas.com/event-timer","220","30.56%","7","rift aion2 timer","","whole domain organic landing report","https://pro.similarweb.com/#/organicsearch/pageAnalysis/landing-pages-v2/*/999/28d?key=aion2atlas.com&pageFilter=%5B%7B%22url%22%3A%22aion2atlas.com%22%2C%22searchType%22%3A%22domain%22%7D%5D&webSource=Total&selectedPageTab=Organic"
"aion2atlas.com","3","https://aion2atlas.com/interactive-map?filters=hiddenCubes","120","16.67%","2","cube caché aion 2","","whole domain organic landing report","https://pro.similarweb.com/#/organicsearch/pageAnalysis/landing-pages-v2/*/999/28d?key=aion2atlas.com&pageFilter=%5B%7B%22url%22%3A%22aion2atlas.com%22%2C%22searchType%22%3A%22domain%22%7D%5D&webSource=Total&selectedPageTab=Organic"
"aion2atlas.com","4","https://aion2atlas.com/guides/interactive-map","60","8.33%","1","aion 2 last sealed dungeon","","whole domain organic landing report","https://pro.similarweb.com/#/organicsearch/pageAnalysis/landing-pages-v2/*/999/28d?key=aion2atlas.com&pageFilter=%5B%7B%22url%22%3A%22aion2atlas.com%22%2C%22searchType%22%3A%22domain%22%7D%5D&webSource=Total&selectedPageTab=Organic"
"aion2atlas.com","5","https://aion2atlas.com/interactive-map","< 50","2.78%","1","ruta oricalco aion 2 asmodian map","","whole domain organic landing report","https://pro.similarweb.com/#/organicsearch/pageAnalysis/landing-pages-v2/*/999/28d?key=aion2atlas.com&pageFilter=%5B%7B%22url%22%3A%22aion2atlas.com%22%2C%22searchType%22%3A%22domain%22%7D%5D&webSource=Total&selectedPageTab=Organic"
"questlog.gg","1","https://questlog.gg/aion-2/pt/news/aion-2-class-guide-launch-roster","13.7K","11.23%","1","aion 2 classes","/aion-2/","current filtered organic landing report","https://pro.similarweb.com/#/organicsearch/pageAnalysis/landing-pages-v2/*/999/28d?key=questlog.gg&pageFilter=%5B%7B%22url%22%3A%22questlog.gg%22%2C%22searchType%22%3A%22domain%22%7D%5D&webSource=Total&multiIncludeExcludeWebsites=%5B%7B%22type%22%3A%22Include%22%2C%22items%22%3A%5B%7B%22type%22%3A%22website%22%2C%22value%22%3A%22%2Faion-2%2F%22%7D%5D%2C%22matchType%22%3A%22Phrase%22%7D%5D&selectedPageTab=Organic"
"questlog.gg","2","https://questlog.gg/aion-2/en/map","9.7K","7.97%","72","aion 2 interactive map","/aion-2/","current filtered organic landing report","https://pro.similarweb.com/#/organicsearch/pageAnalysis/landing-pages-v2/*/999/28d?key=questlog.gg&pageFilter=%5B%7B%22url%22%3A%22questlog.gg%22%2C%22searchType%22%3A%22domain%22%7D%5D&webSource=Total&multiIncludeExcludeWebsites=%5B%7B%22type%22%3A%22Include%22%2C%22items%22%3A%5B%7B%22type%22%3A%22website%22%2C%22value%22%3A%22%2Faion-2%2F%22%7D%5D%2C%22matchType%22%3A%22Phrase%22%7D%5D&selectedPageTab=Organic"
"questlog.gg","3","https://questlog.gg/aion-2/en/classes","6.5K","5.31%","116","aion 2 classes","/aion-2/","current filtered organic landing report","https://pro.similarweb.com/#/organicsearch/pageAnalysis/landing-pages-v2/*/999/28d?key=questlog.gg&pageFilter=%5B%7B%22url%22%3A%22questlog.gg%22%2C%22searchType%22%3A%22domain%22%7D%5D&webSource=Total&multiIncludeExcludeWebsites=%5B%7B%22type%22%3A%22Include%22%2C%22items%22%3A%5B%7B%22type%22%3A%22website%22%2C%22value%22%3A%22%2Faion-2%2F%22%7D%5D%2C%22matchType%22%3A%22Phrase%22%7D%5D&selectedPageTab=Organic"
"questlog.gg","4","https://questlog.gg/aion-2/en/classes/ranger","5.7K","4.65%","53","aion 2 ranger build","/aion-2/","current filtered organic landing report","https://pro.similarweb.com/#/organicsearch/pageAnalysis/landing-pages-v2/*/999/28d?key=questlog.gg&pageFilter=%5B%7B%22url%22%3A%22questlog.gg%22%2C%22searchType%22%3A%22domain%22%7D%5D&webSource=Total&multiIncludeExcludeWebsites=%5B%7B%22type%22%3A%22Include%22%2C%22items%22%3A%5B%7B%22type%22%3A%22website%22%2C%22value%22%3A%22%2Faion-2%2F%22%7D%5D%2C%22matchType%22%3A%22Phrase%22%7D%5D&selectedPageTab=Organic"
"questlog.gg","5","https://questlog.gg/aion-2/en","5.4K","4.44%","75","aion 2 builds","/aion-2/","current filtered organic landing report","https://pro.similarweb.com/#/organicsearch/pageAnalysis/landing-pages-v2/*/999/28d?key=questlog.gg&pageFilter=%5B%7B%22url%22%3A%22questlog.gg%22%2C%22searchType%22%3A%22domain%22%7D%5D&webSource=Total&multiIncludeExcludeWebsites=%5B%7B%22type%22%3A%22Include%22%2C%22items%22%3A%5B%7B%22type%22%3A%22website%22%2C%22value%22%3A%22%2Faion-2%2F%22%7D%5D%2C%22matchType%22%3A%22Phrase%22%7D%5D&selectedPageTab=Organic"
"questlog.gg","6","https://questlog.gg/aion-2/en/armory/tier-list","4.9K","4.04%","50","aion 2 tier list","/aion-2/","current filtered organic landing report","https://pro.similarweb.com/#/organicsearch/pageAnalysis/landing-pages-v2/*/999/28d?key=questlog.gg&pageFilter=%5B%7B%22url%22%3A%22questlog.gg%22%2C%22searchType%22%3A%22domain%22%7D%5D&webSource=Total&multiIncludeExcludeWebsites=%5B%7B%22type%22%3A%22Include%22%2C%22items%22%3A%5B%7B%22type%22%3A%22website%22%2C%22value%22%3A%22%2Faion-2%2F%22%7D%5D%2C%22matchType%22%3A%22Phrase%22%7D%5D&selectedPageTab=Organic"
"questlog.gg","7","https://questlog.gg/aion-2/en/classes/gladiator","4.5K","3.71%","36","aion 2 gladiator build","/aion-2/","current filtered organic landing report","https://pro.similarweb.com/#/organicsearch/pageAnalysis/landing-pages-v2/*/999/28d?key=questlog.gg&pageFilter=%5B%7B%22url%22%3A%22questlog.gg%22%2C%22searchType%22%3A%22domain%22%7D%5D&webSource=Total&multiIncludeExcludeWebsites=%5B%7B%22type%22%3A%22Include%22%2C%22items%22%3A%5B%7B%22type%22%3A%22website%22%2C%22value%22%3A%22%2Faion-2%2F%22%7D%5D%2C%22matchType%22%3A%22Phrase%22%7D%5D&selectedPageTab=Organic"
"questlog.gg","8","https://questlog.gg/aion-2/en/character-builder","4.3K","3.52%","44","aion 2 builds","/aion-2/","current filtered organic landing report","https://pro.similarweb.com/#/organicsearch/pageAnalysis/landing-pages-v2/*/999/28d?key=questlog.gg&pageFilter=%5B%7B%22url%22%3A%22questlog.gg%22%2C%22searchType%22%3A%22domain%22%7D%5D&webSource=Total&multiIncludeExcludeWebsites=%5B%7B%22type%22%3A%22Include%22%2C%22items%22%3A%5B%7B%22type%22%3A%22website%22%2C%22value%22%3A%22%2Faion-2%2F%22%7D%5D%2C%22matchType%22%3A%22Phrase%22%7D%5D&selectedPageTab=Organic"
"questlog.gg","9","https://questlog.gg/aion-2/en/character-builder?class=gladiator","3K","2.43%","26","aion 2 gladiator build","/aion-2/","current filtered organic landing report","https://pro.similarweb.com/#/organicsearch/pageAnalysis/landing-pages-v2/*/999/28d?key=questlog.gg&pageFilter=%5B%7B%22url%22%3A%22questlog.gg%22%2C%22searchType%22%3A%22domain%22%7D%5D&webSource=Total&multiIncludeExcludeWebsites=%5B%7B%22type%22%3A%22Include%22%2C%22items%22%3A%5B%7B%22type%22%3A%22website%22%2C%22value%22%3A%22%2Faion-2%2F%22%7D%5D%2C%22matchType%22%3A%22Phrase%22%7D%5D&selectedPageTab=Organic"
"questlog.gg","10","https://questlog.gg/aion-2/en/classes/cleric","2.6K","2.16%","36","aion 2 cleric build","/aion-2/","current filtered organic landing report","https://pro.similarweb.com/#/organicsearch/pageAnalysis/landing-pages-v2/*/999/28d?key=questlog.gg&pageFilter=%5B%7B%22url%22%3A%22questlog.gg%22%2C%22searchType%22%3A%22domain%22%7D%5D&webSource=Total&multiIncludeExcludeWebsites=%5B%7B%22type%22%3A%22Include%22%2C%22items%22%3A%5B%7B%22type%22%3A%22website%22%2C%22value%22%3A%22%2Faion-2%2F%22%7D%5D%2C%22matchType%22%3A%22Phrase%22%7D%5D&selectedPageTab=Organic"
"timesaver.gg","1","https://timesaver.gg/blog/aion-2-character-creation","5.7K","17.90%","74","aion 2 presets","aion-2","current filtered organic landing report","https://pro.similarweb.com/#/organicsearch/pageAnalysis/landing-pages-v2/*/999/28d?key=timesaver.gg&pageFilter=%5B%7B%22url%22%3A%22timesaver.gg%22%2C%22searchType%22%3A%22domain%22%7D%5D&webSource=Total&multiIncludeExcludeWebsites=%5B%7B%22type%22%3A%22Include%22%2C%22items%22%3A%5B%7B%22type%22%3A%22website%22%2C%22value%22%3A%22aion-2%22%7D%5D%2C%22matchType%22%3A%22Phrase%22%7D%5D&selectedPageTab=Organic"
"timesaver.gg","2","https://timesaver.gg/blog/aion-2-server-list","4.1K","12.82%","58","aion 2 servers","aion-2","current filtered organic landing report","https://pro.similarweb.com/#/organicsearch/pageAnalysis/landing-pages-v2/*/999/28d?key=timesaver.gg&pageFilter=%5B%7B%22url%22%3A%22timesaver.gg%22%2C%22searchType%22%3A%22domain%22%7D%5D&webSource=Total&multiIncludeExcludeWebsites=%5B%7B%22type%22%3A%22Include%22%2C%22items%22%3A%5B%7B%22type%22%3A%22website%22%2C%22value%22%3A%22aion-2%22%7D%5D%2C%22matchType%22%3A%22Phrase%22%7D%5D&selectedPageTab=Organic"
"timesaver.gg","3","https://timesaver.gg/blog/aion-2-classes","3.3K","10.36%","34","aion 2 classes","aion-2","current filtered organic landing report","https://pro.similarweb.com/#/organicsearch/pageAnalysis/landing-pages-v2/*/999/28d?key=timesaver.gg&pageFilter=%5B%7B%22url%22%3A%22timesaver.gg%22%2C%22searchType%22%3A%22domain%22%7D%5D&webSource=Total&multiIncludeExcludeWebsites=%5B%7B%22type%22%3A%22Include%22%2C%22items%22%3A%5B%7B%22type%22%3A%22website%22%2C%22value%22%3A%22aion-2%22%7D%5D%2C%22matchType%22%3A%22Phrase%22%7D%5D&selectedPageTab=Organic"
"timesaver.gg","4","https://timesaver.gg/blog/aion-2-servers","2.6K","8.27%","35","aion 2 servers","aion-2","current filtered organic landing report","https://pro.similarweb.com/#/organicsearch/pageAnalysis/landing-pages-v2/*/999/28d?key=timesaver.gg&pageFilter=%5B%7B%22url%22%3A%22timesaver.gg%22%2C%22searchType%22%3A%22domain%22%7D%5D&webSource=Total&multiIncludeExcludeWebsites=%5B%7B%22type%22%3A%22Include%22%2C%22items%22%3A%5B%7B%22type%22%3A%22website%22%2C%22value%22%3A%22aion-2%22%7D%5D%2C%22matchType%22%3A%22Phrase%22%7D%5D&selectedPageTab=Organic"
"timesaver.gg","5","https://timesaver.gg/blog/aion-2-elyos-or-asmodian","1.6K","4.93%","29","asmodian or elyos wings","aion-2","current filtered organic landing report","https://pro.similarweb.com/#/organicsearch/pageAnalysis/landing-pages-v2/*/999/28d?key=timesaver.gg&pageFilter=%5B%7B%22url%22%3A%22timesaver.gg%22%2C%22searchType%22%3A%22domain%22%7D%5D&webSource=Total&multiIncludeExcludeWebsites=%5B%7B%22type%22%3A%22Include%22%2C%22items%22%3A%5B%7B%22type%22%3A%22website%22%2C%22value%22%3A%22aion-2%22%7D%5D%2C%22matchType%22%3A%22Phrase%22%7D%5D&selectedPageTab=Organic"
"timesaver.gg","6","https://timesaver.gg/blog/aion-2-membership","1.3K","4.07%","22","aion 2 subscription cost","aion-2","current filtered organic landing report","https://pro.similarweb.com/#/organicsearch/pageAnalysis/landing-pages-v2/*/999/28d?key=timesaver.gg&pageFilter=%5B%7B%22url%22%3A%22timesaver.gg%22%2C%22searchType%22%3A%22domain%22%7D%5D&webSource=Total&multiIncludeExcludeWebsites=%5B%7B%22type%22%3A%22Include%22%2C%22items%22%3A%5B%7B%22type%22%3A%22website%22%2C%22value%22%3A%22aion-2%22%7D%5D%2C%22matchType%22%3A%22Phrase%22%7D%5D&selectedPageTab=Organic"
"timesaver.gg","7","https://timesaver.gg/blog/aion-2-launch-countdown-checklist","1.2K","3.88%","16","what time does aion 2 release early access in california","aion-2","current filtered organic landing report","https://pro.similarweb.com/#/organicsearch/pageAnalysis/landing-pages-v2/*/999/28d?key=timesaver.gg&pageFilter=%5B%7B%22url%22%3A%22timesaver.gg%22%2C%22searchType%22%3A%22domain%22%7D%5D&webSource=Total&multiIncludeExcludeWebsites=%5B%7B%22type%22%3A%22Include%22%2C%22items%22%3A%5B%7B%22type%22%3A%22website%22%2C%22value%22%3A%22aion-2%22%7D%5D%2C%22matchType%22%3A%22Phrase%22%7D%5D&selectedPageTab=Organic"
"timesaver.gg","8","https://timesaver.gg/blog/aion-2-beta-launch-scale-test","1.2K","3.73%","31","aion 2 playtest","aion-2","current filtered organic landing report","https://pro.similarweb.com/#/organicsearch/pageAnalysis/landing-pages-v2/*/999/28d?key=timesaver.gg&pageFilter=%5B%7B%22url%22%3A%22timesaver.gg%22%2C%22searchType%22%3A%22domain%22%7D%5D&webSource=Total&multiIncludeExcludeWebsites=%5B%7B%22type%22%3A%22Include%22%2C%22items%22%3A%5B%7B%22type%22%3A%22website%22%2C%22value%22%3A%22aion-2%22%7D%5D%2C%22matchType%22%3A%22Phrase%22%7D%5D&selectedPageTab=Organic"
"timesaver.gg","9","https://timesaver.gg/blog/aion-2-trading","1.1K","3.60%","16","aion 2 market","aion-2","current filtered organic landing report","https://pro.similarweb.com/#/organicsearch/pageAnalysis/landing-pages-v2/*/999/28d?key=timesaver.gg&pageFilter=%5B%7B%22url%22%3A%22timesaver.gg%22%2C%22searchType%22%3A%22domain%22%7D%5D&webSource=Total&multiIncludeExcludeWebsites=%5B%7B%22type%22%3A%22Include%22%2C%22items%22%3A%5B%7B%22type%22%3A%22website%22%2C%22value%22%3A%22aion-2%22%7D%5D%2C%22matchType%22%3A%22Phrase%22%7D%5D&selectedPageTab=Organic"
"timesaver.gg","10","https://timesaver.gg/blog/aion-2-launch-time","820","2.59%","20","aion 2 free when exact time","aion-2","current filtered organic landing report","https://pro.similarweb.com/#/organicsearch/pageAnalysis/landing-pages-v2/*/999/28d?key=timesaver.gg&pageFilter=%5B%7B%22url%22%3A%22timesaver.gg%22%2C%22searchType%22%3A%22domain%22%7D%5D&webSource=Total&multiIncludeExcludeWebsites=%5B%7B%22type%22%3A%22Include%22%2C%22items%22%3A%5B%7B%22type%22%3A%22website%22%2C%22value%22%3A%22aion-2%22%7D%5D%2C%22matchType%22%3A%22Phrase%22%7D%5D&selectedPageTab=Organic"
"aion2.tools","1","https://aion2.tools","80","44.44%","2","questcatalog aion2","","whole domain organic landing report","https://pro.similarweb.com/#/organicsearch/pageAnalysis/landing-pages-v2/*/999/28d?key=aion2.tools&pageFilter=%5B%7B%22url%22%3A%22aion2.tools%22%2C%22searchType%22%3A%22domain%22%7D%5D&webSource=Total&selectedPageTab=Organic"
"aion2.tools","2","https://aion2.tools/db/item/tw/radiant-odyle","80","44.44%","1","radiant odyle taiwan","","whole domain organic landing report","https://pro.similarweb.com/#/organicsearch/pageAnalysis/landing-pages-v2/*/999/28d?key=aion2.tools&pageFilter=%5B%7B%22url%22%3A%22aion2.tools%22%2C%22searchType%22%3A%22domain%22%7D%5D&webSource=Total&selectedPageTab=Organic"
"aion2.tools","3","https://aion2.tools/db/item/tw/asvata-wood","< 50","11.11%","1","asvatya wood aion 2","","whole domain organic landing report","https://pro.similarweb.com/#/organicsearch/pageAnalysis/landing-pages-v2/*/999/28d?key=aion2.tools&pageFilter=%5B%7B%22url%22%3A%22aion2.tools%22%2C%22searchType%22%3A%22domain%22%7D%5D&webSource=Total&selectedPageTab=Organic"
"aion2.tools","4","https://aion2.tools/db/class/assassin","< 50","< 0.01%","1","subkulture - erasus aion assassin","","whole domain organic landing report","https://pro.similarweb.com/#/organicsearch/pageAnalysis/landing-pages-v2/*/999/28d?key=aion2.tools&pageFilter=%5B%7B%22url%22%3A%22aion2.tools%22%2C%22searchType%22%3A%22domain%22%7D%5D&webSource=Total&selectedPageTab=Organic"
"aion2.tools","5","https://aion2.tools/db/class/templar","< 50","< 0.01%","1","aion 2 templar","","whole domain organic landing report","https://pro.similarweb.com/#/organicsearch/pageAnalysis/landing-pages-v2/*/999/28d?key=aion2.tools&pageFilter=%5B%7B%22url%22%3A%22aion2.tools%22%2C%22searchType%22%3A%22domain%22%7D%5D&webSource=Total&selectedPageTab=Organic"
"aion2hub.me","1","https://aion2hub.me/en/builds/4412ae73-5fd2-4527-9f3b-42d0704d8300","110","11.11%","1","aion2 hub cleric build","","whole domain organic landing report","https://pro.similarweb.com/#/organicsearch/pageAnalysis/landing-pages-v2/*/999/28d?key=aion2hub.me&pageFilter=%5B%7B%22url%22%3A%22aion2hub.me%22%2C%22searchType%22%3A%22domain%22%7D%5D&webSource=Total&selectedPageTab=Organic"
"aion2hub.me","2","https://aion2hub.me/en/classes/brawler","100","10.10%","1","aion 2 bralwer skills","","whole domain organic landing report","https://pro.similarweb.com/#/organicsearch/pageAnalysis/landing-pages-v2/*/999/28d?key=aion2hub.me&pageFilter=%5B%7B%22url%22%3A%22aion2hub.me%22%2C%22searchType%22%3A%22domain%22%7D%5D&webSource=Total&selectedPageTab=Organic"
"aion2hub.me","3","https://aion2hub.me/en/db/skills?class=brawler","100","10.10%","1","aion 2 bralwer skills","","whole domain organic landing report","https://pro.similarweb.com/#/organicsearch/pageAnalysis/landing-pages-v2/*/999/28d?key=aion2hub.me&pageFilter=%5B%7B%22url%22%3A%22aion2hub.me%22%2C%22searchType%22%3A%22domain%22%7D%5D&webSource=Total&selectedPageTab=Organic"
"aion2hub.me","4","https://aion2hub.me/en/builds/ec16bd74-2db0-4627-b87b-767c2518aab4","80","8.08%","1","aion 2 fresh 45 gladi build","","whole domain organic landing report","https://pro.similarweb.com/#/organicsearch/pageAnalysis/landing-pages-v2/*/999/28d?key=aion2hub.me&pageFilter=%5B%7B%22url%22%3A%22aion2hub.me%22%2C%22searchType%22%3A%22domain%22%7D%5D&webSource=Total&selectedPageTab=Organic"
"aion2hub.me","5","https://aion2hub.me/en/db/items/210330006","80","8.08%","1","aion 2 spectral helmet","","whole domain organic landing report","https://pro.similarweb.com/#/organicsearch/pageAnalysis/landing-pages-v2/*/999/28d?key=aion2hub.me&pageFilter=%5B%7B%22url%22%3A%22aion2hub.me%22%2C%22searchType%22%3A%22domain%22%7D%5D&webSource=Total&selectedPageTab=Organic"
"aion2hub.me","6","https://aion2hub.me/en/db/npcs","70","7.07%","1","aion 2 character npc","","whole domain organic landing report","https://pro.similarweb.com/#/organicsearch/pageAnalysis/landing-pages-v2/*/999/28d?key=aion2hub.me&pageFilter=%5B%7B%22url%22%3A%22aion2hub.me%22%2C%22searchType%22%3A%22domain%22%7D%5D&webSource=Total&selectedPageTab=Organic"
"aion2hub.me","7","https://aion2hub.me/en/info/download-size","70","7.07%","1","aion2 update how much gb?","","whole domain organic landing report","https://pro.similarweb.com/#/organicsearch/pageAnalysis/landing-pages-v2/*/999/28d?key=aion2hub.me&pageFilter=%5B%7B%22url%22%3A%22aion2hub.me%22%2C%22searchType%22%3A%22domain%22%7D%5D&webSource=Total&selectedPageTab=Organic"
"aion2hub.me","8","https://aion2hub.me/en/db/items/630650007","60","6.06%","1","aion 2 yggdrasil log","","whole domain organic landing report","https://pro.similarweb.com/#/organicsearch/pageAnalysis/landing-pages-v2/*/999/28d?key=aion2hub.me&pageFilter=%5B%7B%22url%22%3A%22aion2hub.me%22%2C%22searchType%22%3A%22domain%22%7D%5D&webSource=Total&selectedPageTab=Organic"
"aion2hub.me","9","https://aion2hub.me/uk/info/early-access","60","6.06%","1","when aion 2 becomes available early acces in ukraine","","whole domain organic landing report","https://pro.similarweb.com/#/organicsearch/pageAnalysis/landing-pages-v2/*/999/28d?key=aion2hub.me&pageFilter=%5B%7B%22url%22%3A%22aion2hub.me%22%2C%22searchType%22%3A%22domain%22%7D%5D&webSource=Total&selectedPageTab=Organic"
"aion2hub.me","10","https://aion2hub.me/en/builds/e8822d04-1b12-4ab5-9946-efb02c690c42","50","5.05%","1","whelps ranger guide","","whole domain organic landing report","https://pro.similarweb.com/#/organicsearch/pageAnalysis/landing-pages-v2/*/999/28d?key=aion2hub.me&pageFilter=%5B%7B%22url%22%3A%22aion2hub.me%22%2C%22searchType%22%3A%22domain%22%7D%5D&webSource=Total&selectedPageTab=Organic"
"aion2guide.org","1","https://aion2guide.org","350","21.60%","2","best website for aion 2 guides and information for global launch","","whole domain organic landing report","https://pro.similarweb.com/#/organicsearch/pageAnalysis/landing-pages-v2/*/999/28d?key=aion2guide.org&pageFilter=%5B%7B%22url%22%3A%22aion2guide.org%22%2C%22searchType%22%3A%22domain%22%7D%5D&webSource=Total&selectedPageTab=Organic"
"aion2guide.org","2","https://aion2guide.org/guides/aion-2-pre-registration-rewards","260","16.05%","6","aion 2 newsletter rewards","","whole domain organic landing report","https://pro.similarweb.com/#/organicsearch/pageAnalysis/landing-pages-v2/*/999/28d?key=aion2guide.org&pageFilter=%5B%7B%22url%22%3A%22aion2guide.org%22%2C%22searchType%22%3A%22domain%22%7D%5D&webSource=Total&selectedPageTab=Organic"
"aion2guide.org","3","https://aion2guide.org/classes/aion-2-sorcerer-guide","180","11.11%","1","aion 2 which ssorcerer leveling","","whole domain organic landing report","https://pro.similarweb.com/#/organicsearch/pageAnalysis/landing-pages-v2/*/999/28d?key=aion2guide.org&pageFilter=%5B%7B%22url%22%3A%22aion2guide.org%22%2C%22searchType%22%3A%22domain%22%7D%5D&webSource=Total&selectedPageTab=Organic"
"aion2guide.org","4","https://aion2guide.org/guides/aion-2-character-creation","160","9.88%","1","aion 2 character creation library","","whole domain organic landing report","https://pro.similarweb.com/#/organicsearch/pageAnalysis/landing-pages-v2/*/999/28d?key=aion2guide.org&pageFilter=%5B%7B%22url%22%3A%22aion2guide.org%22%2C%22searchType%22%3A%22domain%22%7D%5D&webSource=Total&selectedPageTab=Organic"
"aion2guide.org","5","https://aion2guide.org/classes/aion-2-brawler-class","120","7.41%","1","aeon 2 when does the brawer class get released","","whole domain organic landing report","https://pro.similarweb.com/#/organicsearch/pageAnalysis/landing-pages-v2/*/999/28d?key=aion2guide.org&pageFilter=%5B%7B%22url%22%3A%22aion2guide.org%22%2C%22searchType%22%3A%22domain%22%7D%5D&webSource=Total&selectedPageTab=Organic"
"aion2guide.org","6","https://aion2guide.org/codes","120","7.41%","2","aion 2 all codes","","whole domain organic landing report","https://pro.similarweb.com/#/organicsearch/pageAnalysis/landing-pages-v2/*/999/28d?key=aion2guide.org&pageFilter=%5B%7B%22url%22%3A%22aion2guide.org%22%2C%22searchType%22%3A%22domain%22%7D%5D&webSource=Total&selectedPageTab=Organic"
"aion2guide.org","7","https://aion2guide.org/systems/aion-2-kinah-guide","120","7.41%","1","aion 2 quna explained","","whole domain organic landing report","https://pro.similarweb.com/#/organicsearch/pageAnalysis/landing-pages-v2/*/999/28d?key=aion2guide.org&pageFilter=%5B%7B%22url%22%3A%22aion2guide.org%22%2C%22searchType%22%3A%22domain%22%7D%5D&webSource=Total&selectedPageTab=Organic"
"aion2guide.org","8","https://aion2guide.org/classes/aion-2-cleric-guide","90","5.56%","1","aion 2 cleric guide build global","","whole domain organic landing report","https://pro.similarweb.com/#/organicsearch/pageAnalysis/landing-pages-v2/*/999/28d?key=aion2guide.org&pageFilter=%5B%7B%22url%22%3A%22aion2guide.org%22%2C%22searchType%22%3A%22domain%22%7D%5D&webSource=Total&selectedPageTab=Organic"
"aion2guide.org","9","https://aion2guide.org/systems/aion-2-stigma-guide","70","4.32%","1","aion2 stigma shard for max stigma","","whole domain organic landing report","https://pro.similarweb.com/#/organicsearch/pageAnalysis/landing-pages-v2/*/999/28d?key=aion2guide.org&pageFilter=%5B%7B%22url%22%3A%22aion2guide.org%22%2C%22searchType%22%3A%22domain%22%7D%5D&webSource=Total&selectedPageTab=Organic"
"aion2guide.org","10","https://aion2guide.org/faq","50","3.09%","1","aion2 qna","","whole domain organic landing report","https://pro.similarweb.com/#/organicsearch/pageAnalysis/landing-pages-v2/*/999/28d?key=aion2guide.org&pageFilter=%5B%7B%22url%22%3A%22aion2guide.org%22%2C%22searchType%22%3A%22domain%22%7D%5D&webSource=Total&selectedPageTab=Organic"
"aion2game.wiki","1","https://aion2game.wiki/fr","90","19.15%","1","wiki aion 2","","whole domain organic landing report","https://pro.similarweb.com/#/organicsearch/pageAnalysis/landing-pages-v2/*/999/28d?key=aion2game.wiki&pageFilter=%5B%7B%22url%22%3A%22aion2game.wiki%22%2C%22searchType%22%3A%22domain%22%7D%5D&webSource=Total&selectedPageTab=Organic"
"aion2game.wiki","2","https://aion2game.wiki/guide/system-requirements","90","19.15%","1","aion 2 i5 12600k test","","whole domain organic landing report","https://pro.similarweb.com/#/organicsearch/pageAnalysis/landing-pages-v2/*/999/28d?key=aion2game.wiki&pageFilter=%5B%7B%22url%22%3A%22aion2game.wiki%22%2C%22searchType%22%3A%22domain%22%7D%5D&webSource=Total&selectedPageTab=Organic"
"aion2game.wiki","3","https://aion2game.wiki/ja/guide/beginner-guide","60","12.77%","1","aion2 キャラクリやり直し","","whole domain organic landing report","https://pro.similarweb.com/#/organicsearch/pageAnalysis/landing-pages-v2/*/999/28d?key=aion2game.wiki&pageFilter=%5B%7B%22url%22%3A%22aion2game.wiki%22%2C%22searchType%22%3A%22domain%22%7D%5D&webSource=Total&selectedPageTab=Organic"
"aion2game.wiki","4","https://aion2game.wiki/fr/classes/spiritmaster","50","10.64%","1","spiritmaster aion 2","","whole domain organic landing report","https://pro.similarweb.com/#/organicsearch/pageAnalysis/landing-pages-v2/*/999/28d?key=aion2game.wiki&pageFilter=%5B%7B%22url%22%3A%22aion2game.wiki%22%2C%22searchType%22%3A%22domain%22%7D%5D&webSource=Total&selectedPageTab=Organic"
"aion2game.wiki","5","https://aion2game.wiki/review/worth-playing","50","10.64%","2","aion 2 review","","whole domain organic landing report","https://pro.similarweb.com/#/organicsearch/pageAnalysis/landing-pages-v2/*/999/28d?key=aion2game.wiki&pageFilter=%5B%7B%22url%22%3A%22aion2game.wiki%22%2C%22searchType%22%3A%22domain%22%7D%5D&webSource=Total&selectedPageTab=Organic"
"aion2game.wiki","6","https://aion2game.wiki/es/classes","< 50","6.38%","2","aion 2 classes oficial","","whole domain organic landing report","https://pro.similarweb.com/#/organicsearch/pageAnalysis/landing-pages-v2/*/999/28d?key=aion2game.wiki&pageFilter=%5B%7B%22url%22%3A%22aion2game.wiki%22%2C%22searchType%22%3A%22domain%22%7D%5D&webSource=Total&selectedPageTab=Organic"
"aion2game.wiki","7","https://aion2game.wiki/es/classes/chanter","< 50","6.38%","1","habilidades chanter aion 2","","whole domain organic landing report","https://pro.similarweb.com/#/organicsearch/pageAnalysis/landing-pages-v2/*/999/28d?key=aion2game.wiki&pageFilter=%5B%7B%22url%22%3A%22aion2game.wiki%22%2C%22searchType%22%3A%22domain%22%7D%5D&webSource=Total&selectedPageTab=Organic"
"aion2game.wiki","8","https://aion2game.wiki/ja","< 50","6.38%","1","aion2 wiki","","whole domain organic landing report","https://pro.similarweb.com/#/organicsearch/pageAnalysis/landing-pages-v2/*/999/28d?key=aion2game.wiki&pageFilter=%5B%7B%22url%22%3A%22aion2game.wiki%22%2C%22searchType%22%3A%22domain%22%7D%5D&webSource=Total&selectedPageTab=Organic"
"aion2game.wiki","9","https://aion2game.wiki/ja/classes/gladiator","< 50","4.26%","2","aion2 グラディエーター タンク","","whole domain organic landing report","https://pro.similarweb.com/#/organicsearch/pageAnalysis/landing-pages-v2/*/999/28d?key=aion2game.wiki&pageFilter=%5B%7B%22url%22%3A%22aion2game.wiki%22%2C%22searchType%22%3A%22domain%22%7D%5D&webSource=Total&selectedPageTab=Organic"
"aion2game.wiki","10","https://aion2game.wiki/de/classes/ranger","< 50","2.13%","1","aion 2 klassen","","whole domain organic landing report","https://pro.similarweb.com/#/organicsearch/pageAnalysis/landing-pages-v2/*/999/28d?key=aion2game.wiki&pageFilter=%5B%7B%22url%22%3A%22aion2game.wiki%22%2C%22searchType%22%3A%22domain%22%7D%5D&webSource=Total&selectedPageTab=Organic"
"dbaion2.online","1","https://dbaion2.online/en/items/533700110","50","29.41%","1","pokos skin bundle aion 2","","whole domain organic landing report","https://pro.similarweb.com/#/organicsearch/pageAnalysis/landing-pages-v2/*/999/28d?key=dbaion2.online&pageFilter=%5B%7B%22url%22%3A%22dbaion2.online%22%2C%22searchType%22%3A%22domain%22%7D%5D&webSource=Total&selectedPageTab=Organic"
"dbaion2.online","2","https://dbaion2.online/en/npcs/2320807","50","29.41%","1","odyle db aion 2","","whole domain organic landing report","https://pro.similarweb.com/#/organicsearch/pageAnalysis/landing-pages-v2/*/999/28d?key=dbaion2.online&pageFilter=%5B%7B%22url%22%3A%22dbaion2.online%22%2C%22searchType%22%3A%22domain%22%7D%5D&webSource=Total&selectedPageTab=Organic"
"dbaion2.online","3","https://dbaion2.online/en/npcs/2000952","< 50","23.53%","1","aion 2 aberrant coradon location","","whole domain organic landing report","https://pro.similarweb.com/#/organicsearch/pageAnalysis/landing-pages-v2/*/999/28d?key=dbaion2.online&pageFilter=%5B%7B%22url%22%3A%22dbaion2.online%22%2C%22searchType%22%3A%22domain%22%7D%5D&webSource=Total&selectedPageTab=Organic"
"dbaion2.online","4","https://dbaion2.online/en/npcs/2100812","< 50","17.65%","1","best playce to farm spiritstone aion 2","","whole domain organic landing report","https://pro.similarweb.com/#/organicsearch/pageAnalysis/landing-pages-v2/*/999/28d?key=dbaion2.online&pageFilter=%5B%7B%22url%22%3A%22dbaion2.online%22%2C%22searchType%22%3A%22domain%22%7D%5D&webSource=Total&selectedPageTab=Organic"
"aion2gg.com","1","https://aion2gg.com","< 50","< 0.01%","1","아이온지지","","whole domain organic landing report","https://pro.similarweb.com/#/organicsearch/pageAnalysis/landing-pages-v2/*/999/28d?key=aion2gg.com&pageFilter=%5B%7B%22url%22%3A%22aion2gg.com%22%2C%22searchType%22%3A%22domain%22%7D%5D&webSource=Total&selectedPageTab=Organic"
"elysion.quest","1","https://elysion.quest/item/535810485","< 50","100%","1","ascended daeva skin","","whole domain organic landing report","https://pro.similarweb.com/#/organicsearch/pageAnalysis/landing-pages-v2/*/999/28d?key=elysion.quest&pageFilter=%5B%7B%22url%22%3A%22elysion.quest%22%2C%22searchType%22%3A%22domain%22%7D%5D&webSource=Total&selectedPageTab=Organic"
"elysion.quest","2","https://elysion.quest/quest/2302541","< 50","< 0.01%","1","combined purifier plant aion 2","","whole domain organic landing report","https://pro.similarweb.com/#/organicsearch/pageAnalysis/landing-pages-v2/*/999/28d?key=elysion.quest&pageFilter=%5B%7B%22url%22%3A%22elysion.quest%22%2C%22searchType%22%3A%22domain%22%7D%5D&webSource=Total&selectedPageTab=Organic"
"fextralife.com","1","https://aion2.wiki.fextralife.com/Classes","60.8K","52.70%","155","aion 2 classes","aion2.wiki.fextralife.com","current filtered organic landing report","https://pro.similarweb.com/#/organicsearch/pageAnalysis/landing-pages-v2/*/999/28d?key=fextralife.com&pageFilter=%5B%7B%22url%22%3A%22fextralife.com%22%2C%22searchType%22%3A%22domain%22%7D%5D&webSource=Total&multiIncludeExcludeWebsites=%5B%7B%22type%22%3A%22Include%22%2C%22items%22%3A%5B%7B%22type%22%3A%22website%22%2C%22value%22%3A%22aion2.wiki.fextralife.com%22%7D%5D%2C%22matchType%22%3A%22Phrase%22%7D%5D&selectedPageTab=Organic"
"fextralife.com","2","https://aion2.wiki.fextralife.com/Aion_2","7.3K","6.29%","327","aion 2 wiki","aion2.wiki.fextralife.com","current filtered organic landing report","https://pro.similarweb.com/#/organicsearch/pageAnalysis/landing-pages-v2/*/999/28d?key=fextralife.com&pageFilter=%5B%7B%22url%22%3A%22fextralife.com%22%2C%22searchType%22%3A%22domain%22%7D%5D&webSource=Total&multiIncludeExcludeWebsites=%5B%7B%22type%22%3A%22Include%22%2C%22items%22%3A%5B%7B%22type%22%3A%22website%22%2C%22value%22%3A%22aion2.wiki.fextralife.com%22%7D%5D%2C%22matchType%22%3A%22Phrase%22%7D%5D&selectedPageTab=Organic"
"fextralife.com","3","https://aion2.wiki.fextralife.com/Interactive_Map","5.9K","5.12%","103","aion 2 map","aion2.wiki.fextralife.com","current filtered organic landing report","https://pro.similarweb.com/#/organicsearch/pageAnalysis/landing-pages-v2/*/999/28d?key=fextralife.com&pageFilter=%5B%7B%22url%22%3A%22fextralife.com%22%2C%22searchType%22%3A%22domain%22%7D%5D&webSource=Total&multiIncludeExcludeWebsites=%5B%7B%22type%22%3A%22Include%22%2C%22items%22%3A%5B%7B%22type%22%3A%22website%22%2C%22value%22%3A%22aion2.wiki.fextralife.com%22%7D%5D%2C%22matchType%22%3A%22Phrase%22%7D%5D&selectedPageTab=Organic"
"fextralife.com","4","https://aion2.wiki.fextralife.com/Factions","4.3K","3.68%","38","aion 2 races","aion2.wiki.fextralife.com","current filtered organic landing report","https://pro.similarweb.com/#/organicsearch/pageAnalysis/landing-pages-v2/*/999/28d?key=fextralife.com&pageFilter=%5B%7B%22url%22%3A%22fextralife.com%22%2C%22searchType%22%3A%22domain%22%7D%5D&webSource=Total&multiIncludeExcludeWebsites=%5B%7B%22type%22%3A%22Include%22%2C%22items%22%3A%5B%7B%22type%22%3A%22website%22%2C%22value%22%3A%22aion2.wiki.fextralife.com%22%7D%5D%2C%22matchType%22%3A%22Phrase%22%7D%5D&selectedPageTab=Organic"
"fextralife.com","5","https://aion2.wiki.fextralife.com/Character_Creation","3.6K","3.12%","55","aion 2 character creation","aion2.wiki.fextralife.com","current filtered organic landing report","https://pro.similarweb.com/#/organicsearch/pageAnalysis/landing-pages-v2/*/999/28d?key=fextralife.com&pageFilter=%5B%7B%22url%22%3A%22fextralife.com%22%2C%22searchType%22%3A%22domain%22%7D%5D&webSource=Total&multiIncludeExcludeWebsites=%5B%7B%22type%22%3A%22Include%22%2C%22items%22%3A%5B%7B%22type%22%3A%22website%22%2C%22value%22%3A%22aion2.wiki.fextralife.com%22%7D%5D%2C%22matchType%22%3A%22Phrase%22%7D%5D&selectedPageTab=Organic"
"fextralife.com","6","https://aion2.wiki.fextralife.com/Armor","1.8K","1.56%","39","aion 2 armor","aion2.wiki.fextralife.com","current filtered organic landing report","https://pro.similarweb.com/#/organicsearch/pageAnalysis/landing-pages-v2/*/999/28d?key=fextralife.com&pageFilter=%5B%7B%22url%22%3A%22fextralife.com%22%2C%22searchType%22%3A%22domain%22%7D%5D&webSource=Total&multiIncludeExcludeWebsites=%5B%7B%22type%22%3A%22Include%22%2C%22items%22%3A%5B%7B%22type%22%3A%22website%22%2C%22value%22%3A%22aion2.wiki.fextralife.com%22%7D%5D%2C%22matchType%22%3A%22Phrase%22%7D%5D&selectedPageTab=Organic"
"fextralife.com","7","https://aion2.wiki.fextralife.com/Daevanion_Boards","1.7K","1.48%","28","aion 2 daevanion board","aion2.wiki.fextralife.com","current filtered organic landing report","https://pro.similarweb.com/#/organicsearch/pageAnalysis/landing-pages-v2/*/999/28d?key=fextralife.com&pageFilter=%5B%7B%22url%22%3A%22fextralife.com%22%2C%22searchType%22%3A%22domain%22%7D%5D&webSource=Total&multiIncludeExcludeWebsites=%5B%7B%22type%22%3A%22Include%22%2C%22items%22%3A%5B%7B%22type%22%3A%22website%22%2C%22value%22%3A%22aion2.wiki.fextralife.com%22%7D%5D%2C%22matchType%22%3A%22Phrase%22%7D%5D&selectedPageTab=Organic"
"fextralife.com","8","https://aion2.wiki.fextralife.com/Chanter","1.6K","1.42%","18","aion 2 chanter","aion2.wiki.fextralife.com","current filtered organic landing report","https://pro.similarweb.com/#/organicsearch/pageAnalysis/landing-pages-v2/*/999/28d?key=fextralife.com&pageFilter=%5B%7B%22url%22%3A%22fextralife.com%22%2C%22searchType%22%3A%22domain%22%7D%5D&webSource=Total&multiIncludeExcludeWebsites=%5B%7B%22type%22%3A%22Include%22%2C%22items%22%3A%5B%7B%22type%22%3A%22website%22%2C%22value%22%3A%22aion2.wiki.fextralife.com%22%7D%5D%2C%22matchType%22%3A%22Phrase%22%7D%5D&selectedPageTab=Organic"
"fextralife.com","9","https://aion2.wiki.fextralife.com/Gathering","1.5K","1.30%","19","aion 2 essence extraction guide","aion2.wiki.fextralife.com","current filtered organic landing report","https://pro.similarweb.com/#/organicsearch/pageAnalysis/landing-pages-v2/*/999/28d?key=fextralife.com&pageFilter=%5B%7B%22url%22%3A%22fextralife.com%22%2C%22searchType%22%3A%22domain%22%7D%5D&webSource=Total&multiIncludeExcludeWebsites=%5B%7B%22type%22%3A%22Include%22%2C%22items%22%3A%5B%7B%22type%22%3A%22website%22%2C%22value%22%3A%22aion2.wiki.fextralife.com%22%7D%5D%2C%22matchType%22%3A%22Phrase%22%7D%5D&selectedPageTab=Organic"
"fextralife.com","10","https://aion2.wiki.fextralife.com/Beginner's_Guide","1.3K","1.13%","45","aion 2 guide","aion2.wiki.fextralife.com","current filtered organic landing report","https://pro.similarweb.com/#/organicsearch/pageAnalysis/landing-pages-v2/*/999/28d?key=fextralife.com&pageFilter=%5B%7B%22url%22%3A%22fextralife.com%22%2C%22searchType%22%3A%22domain%22%7D%5D&webSource=Total&multiIncludeExcludeWebsites=%5B%7B%22type%22%3A%22Include%22%2C%22items%22%3A%5B%7B%22type%22%3A%22website%22%2C%22value%22%3A%22aion2.wiki.fextralife.com%22%7D%5D%2C%22matchType%22%3A%22Phrase%22%7D%5D&selectedPageTab=Organic"
"inven.co.kr","1","https://aion2.inven.co.kr","178.3K","97.52%","146","아이온2 인벤","aion2.inven.co.kr","current filtered organic landing report","https://pro.similarweb.com/#/organicsearch/pageAnalysis/landing-pages-v2/*/999/28d?key=inven.co.kr&pageFilter=%5B%7B%22url%22%3A%22inven.co.kr%22%2C%22searchType%22%3A%22domain%22%7D%5D&webSource=Total&multiIncludeExcludeWebsites=%5B%7B%22type%22%3A%22Include%22%2C%22items%22%3A%5B%7B%22type%22%3A%22website%22%2C%22value%22%3A%22aion2.inven.co.kr%22%7D%5D%2C%22matchType%22%3A%22Phrase%22%7D%5D&selectedPageTab=Organic"
"inven.co.kr","2","https://aion2.inven.co.kr?vtype=pc","2.5K","1.36%","7","아이온2 인벤","aion2.inven.co.kr","current filtered organic landing report","https://pro.similarweb.com/#/organicsearch/pageAnalysis/landing-pages-v2/*/999/28d?key=inven.co.kr&pageFilter=%5B%7B%22url%22%3A%22inven.co.kr%22%2C%22searchType%22%3A%22domain%22%7D%5D&webSource=Total&multiIncludeExcludeWebsites=%5B%7B%22type%22%3A%22Include%22%2C%22items%22%3A%5B%7B%22type%22%3A%22website%22%2C%22value%22%3A%22aion2.inven.co.kr%22%7D%5D%2C%22matchType%22%3A%22Phrase%22%7D%5D&selectedPageTab=Organic"
"inven.co.kr","3","https://aion2.inven.co.kr/dataninfo/stream","290","0.16%","3","아이온2 인벤","aion2.inven.co.kr","current filtered organic landing report","https://pro.similarweb.com/#/organicsearch/pageAnalysis/landing-pages-v2/*/999/28d?key=inven.co.kr&pageFilter=%5B%7B%22url%22%3A%22inven.co.kr%22%2C%22searchType%22%3A%22domain%22%7D%5D&webSource=Total&multiIncludeExcludeWebsites=%5B%7B%22type%22%3A%22Include%22%2C%22items%22%3A%5B%7B%22type%22%3A%22website%22%2C%22value%22%3A%22aion2.inven.co.kr%22%7D%5D%2C%22matchType%22%3A%22Phrase%22%7D%5D&selectedPageTab=Organic"
"inven.co.kr","4","https://aion2.inven.co.kr/db/item/110220002","210","0.11%","2","기룡장검","aion2.inven.co.kr","current filtered organic landing report","https://pro.similarweb.com/#/organicsearch/pageAnalysis/landing-pages-v2/*/999/28d?key=inven.co.kr&pageFilter=%5B%7B%22url%22%3A%22inven.co.kr%22%2C%22searchType%22%3A%22domain%22%7D%5D&webSource=Total&multiIncludeExcludeWebsites=%5B%7B%22type%22%3A%22Include%22%2C%22items%22%3A%5B%7B%22type%22%3A%22website%22%2C%22value%22%3A%22aion2.inven.co.kr%22%7D%5D%2C%22matchType%22%3A%22Phrase%22%7D%5D&selectedPageTab=Organic"
"inven.co.kr","5","https://aion2.inven.co.kr/db","190","0.10%","5","아이온2 인벤","aion2.inven.co.kr","current filtered organic landing report","https://pro.similarweb.com/#/organicsearch/pageAnalysis/landing-pages-v2/*/999/28d?key=inven.co.kr&pageFilter=%5B%7B%22url%22%3A%22inven.co.kr%22%2C%22searchType%22%3A%22domain%22%7D%5D&webSource=Total&multiIncludeExcludeWebsites=%5B%7B%22type%22%3A%22Include%22%2C%22items%22%3A%5B%7B%22type%22%3A%22website%22%2C%22value%22%3A%22aion2.inven.co.kr%22%7D%5D%2C%22matchType%22%3A%22Phrase%22%7D%5D&selectedPageTab=Organic"
"inven.co.kr","6","https://aion2.inven.co.kr/db/item/531110010","180","0.10%","1","용족의 정수","aion2.inven.co.kr","current filtered organic landing report","https://pro.similarweb.com/#/organicsearch/pageAnalysis/landing-pages-v2/*/999/28d?key=inven.co.kr&pageFilter=%5B%7B%22url%22%3A%22inven.co.kr%22%2C%22searchType%22%3A%22domain%22%7D%5D&webSource=Total&multiIncludeExcludeWebsites=%5B%7B%22type%22%3A%22Include%22%2C%22items%22%3A%5B%7B%22type%22%3A%22website%22%2C%22value%22%3A%22aion2.inven.co.kr%22%7D%5D%2C%22matchType%22%3A%22Phrase%22%7D%5D&selectedPageTab=Organic"
"inven.co.kr","7","https://aion2.inven.co.kr/db/item/110820025","130","0.07%","1","응룡왕의 법봉 창룡 법봉 재료","aion2.inven.co.kr","current filtered organic landing report","https://pro.similarweb.com/#/organicsearch/pageAnalysis/landing-pages-v2/*/999/28d?key=inven.co.kr&pageFilter=%5B%7B%22url%22%3A%22inven.co.kr%22%2C%22searchType%22%3A%22domain%22%7D%5D&webSource=Total&multiIncludeExcludeWebsites=%5B%7B%22type%22%3A%22Include%22%2C%22items%22%3A%5B%7B%22type%22%3A%22website%22%2C%22value%22%3A%22aion2.inven.co.kr%22%7D%5D%2C%22matchType%22%3A%22Phrase%22%7D%5D&selectedPageTab=Organic"
"inven.co.kr","8","https://aion2.inven.co.kr/db/item/310330032","130","0.07%","1","아칸 천부장","aion2.inven.co.kr","current filtered organic landing report","https://pro.similarweb.com/#/organicsearch/pageAnalysis/landing-pages-v2/*/999/28d?key=inven.co.kr&pageFilter=%5B%7B%22url%22%3A%22inven.co.kr%22%2C%22searchType%22%3A%22domain%22%7D%5D&webSource=Total&multiIncludeExcludeWebsites=%5B%7B%22type%22%3A%22Include%22%2C%22items%22%3A%5B%7B%22type%22%3A%22website%22%2C%22value%22%3A%22aion2.inven.co.kr%22%7D%5D%2C%22matchType%22%3A%22Phrase%22%7D%5D&selectedPageTab=Organic"
"inven.co.kr","9","https://aion2.inven.co.kr/db/item/610511018","130","0.07%","1","강고한 용족의 뿔","aion2.inven.co.kr","current filtered organic landing report","https://pro.similarweb.com/#/organicsearch/pageAnalysis/landing-pages-v2/*/999/28d?key=inven.co.kr&pageFilter=%5B%7B%22url%22%3A%22inven.co.kr%22%2C%22searchType%22%3A%22domain%22%7D%5D&webSource=Total&multiIncludeExcludeWebsites=%5B%7B%22type%22%3A%22Include%22%2C%22items%22%3A%5B%7B%22type%22%3A%22website%22%2C%22value%22%3A%22aion2.inven.co.kr%22%7D%5D%2C%22matchType%22%3A%22Phrase%22%7D%5D&selectedPageTab=Organic"
"inven.co.kr","10","https://aion2.inven.co.kr/db/daevanion/692","120","0.07%","1","데바니온 화살난사","aion2.inven.co.kr","current filtered organic landing report","https://pro.similarweb.com/#/organicsearch/pageAnalysis/landing-pages-v2/*/999/28d?key=inven.co.kr&pageFilter=%5B%7B%22url%22%3A%22inven.co.kr%22%2C%22searchType%22%3A%22domain%22%7D%5D&webSource=Total&multiIncludeExcludeWebsites=%5B%7B%22type%22%3A%22Include%22%2C%22items%22%3A%5B%7B%22type%22%3A%22website%22%2C%22value%22%3A%22aion2.inven.co.kr%22%7D%5D%2C%22matchType%22%3A%22Phrase%22%7D%5D&selectedPageTab=Organic"
