domain,visitsDisplay,visitsApprox,multiGameDomain,organicSearchPct,directPct,socialTotalPct,avgVisitDuration,pagesPerVisit,bouncePct,desktopPct,brandSearchPctSep2026,topCountries,notes,sourceUrl
"aion2hub.com","642,942","642942","false","69.42","18.9","5.61","00:02:08","4.24","42.17","93.4","2","US 34.81%; DE 8.72%; UK 6.20%; CA 6.05%; ES 6.02%","最接近英语攻略站的规模参照","https://pro.similarweb.com/#/digitalsuite/websiteanalysis/overview/website-performance/*/999/28d?webSource=Total&key=aion2hub.com"
"aion2tool.com","526,189","526189","false","43.03","47.75","6.65","00:02:50","4.08","32.1","90.23","97","KR 86.11%; VN 8.00%; US 3.75%; JP 1.32%; CA 0.69%","KR 为主；品牌搜索占比是 2026-09，不是同一 28 天","https://pro.similarweb.com/#/digitalsuite/websiteanalysis/overview/website-performance/*/999/28d?webSource=Total&key=aion2tool.com"
"shugo.gg","267,402","267402","false","38.15","45.53","10.3","00:03:52","6.11","37.06","87.66","4","US 18.32%; BR 15.02%; UK 8.87%; ES 8.39%; DE 7.69%","职业排行与重复使用工具的参照；直接流量不能等同于回访率","https://pro.similarweb.com/#/digitalsuite/websiteanalysis/overview/website-performance/*/999/28d?webSource=Total&key=shugo.gg"
"aion2t.com","55,368","55368","false","9.78","48.02","23.46","00:02:01","2.57","53.73","98.88","3","RU 57.85%; DE 15.27%; US 10.09%; UA 4.59%; UK 4.45%","新增关联域名；与 aion2.app 相互导流，不合并为独立用户规模","https://pro.similarweb.com/#/digitalsuite/websiteanalysis/overview/website-performance/*/999/28d?webSource=Total&key=aion2t.com"
"aion2timers.com","17,027","17027","false","18.81","60.76","13.27","00:01:33","2.23","61.1","100","","US 67.85%; DE 30.20%; ES 1.10%; JP 0.85%","新域名；日均指标不宜乘以 28；设备比例存在小样本限制","https://pro.similarweb.com/#/digitalsuite/websiteanalysis/overview/website-performance/*/999/28d?webSource=Total&key=aion2timers.com"
"aion2.app","9,222","9222","false","20.45","48.47","8.89","00:01:43","3.52","58.85","92.04","67","DE 51.69%; UA 19.59%; JP 16.79%; IT 5.74%; TH 3.96%","与 aion2t.com 关联；小样本","https://pro.similarweb.com/#/digitalsuite/websiteanalysis/overview/website-performance/*/999/28d?webSource=Total&key=aion2.app"
"aion2atlas.com","7,737","7737","false","13.45","30.06","52.27","00:01:51","4.15","33.7","100","0","US 44.71%; DE 26.91%; FR 21.25%; JP 7.14%","小样本；social=52.25% organic social + 0.02% paid social","https://pro.similarweb.com/#/digitalsuite/websiteanalysis/overview/website-performance/*/999/28d?webSource=Total&key=aion2atlas.com"
"aion2hub.me","2,410","2410","false","26.35","34.49","6.89","00:00:04","1.32","39.7","27.6","","","小样本，仅作显示值记录，不据此判断产品表现","https://pro.similarweb.com/#/digitalsuite/websiteanalysis/overview/website-performance/*/999/28d?webSource=Total&key=aion2hub.me"
"aion2.tools","1,219","1219","false","","","","","","","28.41","","","总量卡已加载；其他指标未完整记录；小样本","https://pro.similarweb.com/#/digitalsuite/websiteanalysis/overview/website-performance/*/999/28d?webSource=Total&key=aion2.tools"
"aion2game.wiki","695","695","false","45.1","30.69","3.34","00:00:45","1.61","40.9","19.38","","","小样本；搜索份额来自渠道图","https://pro.similarweb.com/#/digitalsuite/websiteanalysis/overview/website-performance/*/999/28d?webSource=Total&key=aion2game.wiki"
"aion2guide.org","607","607","false","25.82","30.71","6.51","","1.34","34.05","0","","","小样本；Organic Landing Pages 的估计点击总量高于 Visits；两模块不能互相校准","https://pro.similarweb.com/#/digitalsuite/websiteanalysis/overview/website-performance/*/999/28d?webSource=Total&key=aion2guide.org"
"dbaion2.online","N/A","","false","","","","","","","","","","当前筛选下无整站估算；不是零流量","https://pro.similarweb.com/#/digitalsuite/websiteanalysis/overview/website-performance/*/999/28d?webSource=Total&key=dbaion2.online"
"aion2gg.com","N/A","","false","","","","","","","","","","当前筛选下无整站估算；不是零流量","https://pro.similarweb.com/#/digitalsuite/websiteanalysis/overview/website-performance/*/999/28d?webSource=Total&key=aion2gg.com"
"elysion.quest","N/A","","false","","","","","","","","","","当前筛选下无整站估算；不是零流量","https://pro.similarweb.com/#/digitalsuite/websiteanalysis/overview/website-performance/*/999/28d?webSource=Total&key=elysion.quest"
"aion-two.wiki","N/A","","false","","","","","","","","","","当前筛选下无整站估算；Organic Landing Pages 无结果","https://pro.similarweb.com/#/digitalsuite/websiteanalysis/overview/website-performance/*/999/28d?webSource=Total&key=aion-two.wiki"
"questlog.gg","1.577M","1577000","true","23.14","50.76","19.82","00:04:46","5.69","40.25","90.83","11","US 20.99%; DE 7.61%; BR 6.60%; UK 5.91%; RU 4.05%","整站包含多个游戏；M 数值仅是显示精度对应的近似值","https://pro.similarweb.com/#/digitalsuite/websiteanalysis/overview/website-performance/*/999/28d?webSource=Total&key=questlog.gg"
"timesaver.gg","1.679M","1679000","true","82.37","8.91","3.61","00:00:38","1.5","75.44","56.58","0","US 22.92%; DE 7.73%; UK 5.17%; CA 4.00%; AU 3.58%","多游戏整站；AION 2 分区全渠道流量未知","https://pro.similarweb.com/#/digitalsuite/websiteanalysis/overview/website-performance/*/999/28d?webSource=Total&key=timesaver.gg"
"fextralife.com","14.84M","14840000","true","70.93","18.34","5.22","00:04:31","3.54","50.62","49.95","3","US 36.81%; UK 6.12%; CA 6.04%; DE 6.01%; BR 2.82%","多游戏整站及子域；AION 2 分区全渠道流量未知","https://pro.similarweb.com/#/digitalsuite/websiteanalysis/overview/website-performance/*/999/28d?webSource=Total&key=fextralife.com"
"inven.co.kr","45.80M","45800000","true","","","","00:10:40","9.33","33.52","46.07","","","多游戏整站及子域；渠道未完整记录；AION 2 论坛部分 URL 在主域不在子域筛选内","https://pro.similarweb.com/#/digitalsuite/websiteanalysis/overview/website-performance/*/999/28d?webSource=Total&key=inven.co.kr"
"gamers4.life","140,459","140459","true","23.91","41.44","7.44","00:01:09","2.82","55.98","80.52","0","US 21.88%; BR 7.86%; DE 7.20%; UK 6.16%; ES 6.15%","多游戏整站；自然落地页未加 AION 2 URL 筛选，份额分母为整站报告","https://pro.similarweb.com/#/digitalsuite/websiteanalysis/overview/website-performance/*/999/28d?webSource=Total&key=gamers4.life"
