id,platform,url,title,posted_at,date_confidence,region,version,access,theme,player_need,site_pages,raw_files,fact_status
R-1wzxot9,Reddit,https://www.reddit.com/r/Aion2/comments/1wzxot9/help_with_abyss_feathers/,Help with Abyss Feathers,2026-10-07T14:16:13Z,exact DOM timestamp; seconds precision,Global discussion context; user testimony,October 2026 launch; exact client build unspecified,visible post text; selected threads also have comment extracts,progression,45级完成任务后仍不能采集深渊羽毛，缺少解锁条件排查。,/leveling; /map,reddit-browser-observation.tsv,Demand evidence; not confirmation of mechanics
R-1wzxoeo,Reddit,https://www.reddit.com/r/Aion2/comments/1wzxoeo/is_it_worth_to_craft_gear_right_now_or_wait/,is it worth to craft gear right now or wait?,2026-10-07T14:15:46Z,exact DOM timestamp; seconds precision,Global discussion context; user testimony,October 2026 launch; exact client build unspecified,visible post text; selected threads also have comment extracts,progression,制作装备是否能继承到下一档，担心现在投入以后重做。,/leveling; /monetization,reddit-browser-observation.tsv,Demand evidence; not confirmation of mechanics
R-1wzxjf3,Reddit,https://www.reddit.com/r/Aion2/comments/1wzxjf3/group_activities_as_an_mmo/,Group activities as an MMO?,2026-10-07T14:10:01Z,exact DOM timestamp; seconds precision,Global discussion context; user testimony,October 2026 launch; exact client build unspecified,visible post text; selected threads also have comment extracts,group-content,满级后不知道哪些活动能与朋友组队，并把高装备分归因于付费。,/guide; /leveling,reddit-browser-observation.tsv,Demand evidence; not confirmation of mechanics
R-1wzxinc,Reddit,https://www.reddit.com/r/Aion2/comments/1wzxinc/top_tier_will_and_chris_reference/,Top Tier Will and Chris reference,2026-10-07T14:09:07Z,exact DOM timestamp; seconds precision,Global discussion context; user testimony,October 2026 launch; exact client build unspecified,screening index only,not-used-in-analysis,"Excluded from thematic conclusions: meme, promotion, ambiguous or insufficiently reviewed.",,reddit-browser-observation.tsv,Demand evidence; not confirmation of mechanics
R-1wzxgri,Reddit,https://www.reddit.com/r/Aion2/comments/1wzxgri/any_way_to_disable_upscaler/,Any way to disable upscaler?,2026-10-07T14:06:58Z,exact DOM timestamp; seconds precision,Global discussion context; user testimony,October 2026 launch; exact client build unspecified,visible post text; selected threads also have comment extracts,settings-performance,5070用户询问是否能关闭放大器；已试配置修改仍有颗粒感。,/download; /guide,reddit-browser-observation.tsv,Demand evidence; not confirmation of mechanics
R-1wzxgl2,Reddit,https://www.reddit.com/r/Aion2/comments/1wzxgl2/i_understand_elitism_in_conquest_group_search_now/,I understand Elitism in Conquest group search now,2026-10-07T14:06:46Z,exact DOM timestamp; seconds precision,Global discussion context; user testimony,October 2026 launch; exact client build unspecified,visible post text; selected threads also have comment extracts,group-content,征服副本队友不了解石化救援，导致反复失败及复活成本。机制尚需独立核验。,/builds; /guide,reddit-browser-observation.tsv,Demand evidence; not confirmation of mechanics
R-1wzxbu7,Reddit,https://www.reddit.com/r/Aion2/comments/1wzxbu7/content_update_cycles/,Content update cycles,2026-10-07T14:01:19Z,exact DOM timestamp; seconds precision,Global discussion context; user testimony,October 2026 launch; exact client build unspecified,screening index only,not-used-in-analysis,"Excluded from thematic conclusions: meme, promotion, ambiguous or insufficiently reviewed.",,reddit-browser-observation.tsv,Demand evidence; not confirmation of mechanics
R-1wzxbs8,Reddit,https://www.reddit.com/r/Aion2/comments/1wzxbs8/do_we_need_to_run_fire_temple_84_times_to/,Do we need to run Fire Temple 84 times to guarantee the weapon?,2026-10-07T14:01:16Z,exact DOM timestamp; seconds precision,Global discussion context; user testimony,October 2026 launch; exact client build unspecified,visible post text; selected threads also have comment extracts,progression,火神殿武器保底究竟要多少次；评论对双倍领取、能量和次数口径混淆。,/leveling,reddit-browser-observation.tsv,Demand evidence; not confirmation of mechanics
R-1wzx9to,Reddit,https://www.reddit.com/r/Aion2/comments/1wzx9to/psa_you_probably_want_to_disable_set_main_target/,PSA: You probably want to disable Set Main Target Upon Attack,2026-10-07T13:59:21Z,exact DOM timestamp; seconds precision,Global discussion context; user testimony,October 2026 launch; exact client build unspecified,visible post text; selected threads also have comment extracts,settings-performance,建议关闭攻击时设置主目标；与10月4日热门设置帖建议开启相冲突。,/guide,reddit-browser-observation.tsv,Demand evidence; not confirmation of mechanics
R-1wzx9gb,Reddit,https://www.reddit.com/r/Aion2/comments/1wzx9gb/i_see_a_lot_of_people_comparing_aion_2_to_lost/,Comparing AION 2 to Lost Ark [title shortened],2026-10-07T13:58:56Z,exact DOM timestamp; seconds precision,Global discussion context; user testimony,October 2026 launch; exact client build unspecified,screening index only,not-used-in-analysis,"Excluded from thematic conclusions: meme, promotion, ambiguous or insufficiently reviewed.",,reddit-browser-observation.tsv,Demand evidence; not confirmation of mechanics
R-1wzx6n4,Reddit,https://www.reddit.com/r/Aion2/comments/1wzx6n4/honest_thoughts_on_aion_2/,Honest Thoughts on Aion 2,2026-10-07T13:55:33Z,exact DOM timestamp; seconds precision,Global discussion context; user testimony,October 2026 launch; exact client build unspecified,screening index only,not-used-in-analysis,"Excluded from thematic conclusions: meme, promotion, ambiguous or insufficiently reviewed.",,reddit-browser-observation.tsv,Demand evidence; not confirmation of mechanics
R-1wzx12t,Reddit,https://www.reddit.com/r/Aion2/comments/1wzx12t/57/,57%,2026-10-07T13:49:01Z,exact DOM timestamp; seconds precision,Global discussion context; user testimony,October 2026 launch; exact client build unspecified,screening index only,not-used-in-analysis,"Excluded from thematic conclusions: meme, promotion, ambiguous or insufficiently reviewed.",,reddit-browser-observation.tsv,Demand evidence; not confirmation of mechanics
R-1wzwywa,Reddit,https://www.reddit.com/r/Aion2/comments/1wzwywa/theres_no_way_im_the_only_one_bothered_by_this/,Theres no way Im the only one bothered by this combat error text?,2026-10-07T13:46:26Z,exact DOM timestamp; seconds precision,Global discussion context; user testimony,October 2026 launch; exact client build unspecified,screening index only,not-used-in-analysis,"Excluded from thematic conclusions: meme, promotion, ambiguous or insufficiently reviewed.",,reddit-browser-observation.tsv,Demand evidence; not confirmation of mechanics
R-1wzwp4u,Reddit,https://www.reddit.com/r/Aion2/comments/1wzwp4u/wtf_is_this/,WTF is this,2026-10-07T13:34:53Z,exact DOM timestamp; seconds precision,Global discussion context; user testimony,October 2026 launch; exact client build unspecified,screening index only,not-used-in-analysis,"Excluded from thematic conclusions: meme, promotion, ambiguous or insufficiently reviewed.",,reddit-browser-observation.tsv,Demand evidence; not confirmation of mechanics
R-1wzwnxm,Reddit,https://www.reddit.com/r/Aion2/comments/1wzwnxm/is_there_any_way_to_fix_the_terrible_targeting/,Is there any way to fix the terrible targeting?,2026-10-07T13:33:30Z,exact DOM timestamp; seconds precision,Global discussion context; user testimony,October 2026 launch; exact client build unspecified,visible post text; selected threads also have comment extracts,settings-performance,守护星高亮目标后技能仍攻击旧目标，询问选敌设置；帖内视频未独立播放核验。,/guide,reddit-browser-observation.tsv,Demand evidence; not confirmation of mechanics
R-1wzwgi8,Reddit,https://www.reddit.com/r/Aion2/comments/1wzwgi8/entered_dungeons_solo_gladiator_is_perfect/,"Entered dungeons solo, Gladiator is perfect!",2026-10-07T13:24:52Z,exact DOM timestamp; seconds precision,Global discussion context; user testimony,October 2026 launch; exact client build unspecified,screening index only,not-used-in-analysis,"Excluded from thematic conclusions: meme, promotion, ambiguous or insufficiently reviewed.",,reddit-browser-observation.tsv,Demand evidence; not confirmation of mechanics
R-1wzwfmf,Reddit,https://www.reddit.com/r/Aion2/comments/1wzwfmf/graphic_issues_with_scanlines_and_grainy_shadows/,Graphic issues with scanlines and grainy shadows,2026-10-07T13:23:50Z,exact DOM timestamp; seconds precision,Global discussion context; user testimony,October 2026 launch; exact client build unspecified,visible post text; selected threads also have comment extracts,settings-performance,5080用户报告扫描线与阴影颗粒感，寻求设置修复。,/download,reddit-browser-observation.tsv,Demand evidence; not confirmation of mechanics
R-1wzwbl8,Reddit,https://www.reddit.com/r/Aion2/comments/1wzwbl8/performance_mods/,Performance mods?,2026-10-07T13:18:53Z,exact DOM timestamp; seconds precision,Global discussion context; user testimony,October 2026 launch; exact client build unspecified,screening index only,not-used-in-analysis,"Excluded from thematic conclusions: meme, promotion, ambiguous or insufficiently reviewed.",,reddit-browser-observation.tsv,Demand evidence; not confirmation of mechanics
R-1wzw9bo,Reddit,https://www.reddit.com/r/Aion2/comments/1wzw9bo/founders_pack_buyere_we_can_now_use_on_alts/,Founders pack buyere we can now use on alts,2026-10-07T13:16:11Z,exact DOM timestamp; seconds precision,Global discussion context; user testimony,October 2026 launch; exact client build unspecified,visible post text; selected threads also have comment extracts,payment-claims,10月7日玩家提醒创始者外观已经能供小号领取。规则另以官方补丁核验。,/monetization,reddit-browser-observation.tsv,Demand evidence; not confirmation of mechanics
R-1wzw7b0,Reddit,https://www.reddit.com/r/Aion2/comments/1wzw7b0/my_friend_is_live_come_hang_out_aion_2_fanatic/,My friend is live! Come hang out. Aion 2 Fanatic! Love this game!,2026-10-07T13:13:43Z,exact DOM timestamp; seconds precision,Global discussion context; user testimony,October 2026 launch; exact client build unspecified,screening index only,not-used-in-analysis,"Excluded from thematic conclusions: meme, promotion, ambiguous or insufficiently reviewed.",,reddit-browser-observation.tsv,Demand evidence; not confirmation of mechanics
R-1wzw66r,Reddit,https://www.reddit.com/r/Aion2/comments/1wzw66r/no_bias_or_hate_justify_the_sub/,No bias or hate - Justify the sub,2026-10-07T13:12:25Z,exact DOM timestamp; seconds precision,Global discussion context; user testimony,October 2026 launch; exact client build unspecified,visible post text; selected threads also have comment extracts,payment-claims,质疑订阅与其他付费叠加，想知道订阅实际价值。,/monetization,reddit-browser-observation.tsv,Demand evidence; not confirmation of mechanics
R-1wzvsk5,Reddit,https://www.reddit.com/r/Aion2/comments/1wzvsk5/i_made_a_free_dps_meter_for_aion_2/,I made a free DPS meter for AION 2,2026-10-07T12:55:29Z,exact DOM timestamp; seconds precision,Global discussion context; user testimony,October 2026 launch; exact client build unspecified,screening index only,not-used-in-analysis,"Excluded from thematic conclusions: meme, promotion, ambiguous or insufficiently reviewed.",,reddit-browser-observation.tsv,Demand evidence; not confirmation of mechanics
R-1wzvn01,Reddit,https://www.reddit.com/r/Aion2/comments/1wzvn01/i_dont_understand_why_you_cant_make_the_breasts/,Body customization minimum size complaint [title shortened],2026-10-07T12:48:21Z,exact DOM timestamp; seconds precision,Global discussion context; user testimony,October 2026 launch; exact client build unspecified,screening index only,not-used-in-analysis,"Excluded from thematic conclusions: meme, promotion, ambiguous or insufficiently reviewed.",,reddit-browser-observation.tsv,Demand evidence; not confirmation of mechanics
R-1wzvkqc,Reddit,https://www.reddit.com/r/Aion2/comments/1wzvkqc/made_a_gladiator_pvp_guide_for_the_glad_enjoyers/,Made a Gladiator PvP Guide for the GLAD Enjoyers,2026-10-07T12:45:20Z,exact DOM timestamp; seconds precision,Global discussion context; user testimony,October 2026 launch; exact client build unspecified,screening index only,not-used-in-analysis,"Excluded from thematic conclusions: meme, promotion, ambiguous or insufficiently reviewed.",,reddit-browser-observation.tsv,Demand evidence; not confirmation of mechanics
R-1wzvcdm,Reddit,https://www.reddit.com/r/Aion2/comments/1wzvcdm/anyone_else_log_in_this_morning_to_missing_funds/,Anyone else log in this morning to missing funds after update?,2026-10-07T12:34:29Z,exact DOM timestamp; seconds precision,Global discussion context; user testimony,October 2026 launch; exact client build unspecified,visible post text; selected threads also have comment extracts,outage-troubleshooting,更新后两种货币余额变成相同数值；这是玩家报告，原因未知。,/maintenance; /monetization,reddit-browser-observation.tsv,Demand evidence; not confirmation of mechanics
R-1wzv8ku,Reddit,https://www.reddit.com/r/Aion2/comments/1wzv8ku/azphel/,Azphel,2026-10-07T12:29:24Z,exact DOM timestamp; seconds precision,Global discussion context; user testimony,October 2026 launch; exact client build unspecified,visible post text; selected threads also have comment extracts,outage-troubleshooting,Azphel玩家无法移动后不能重新连接；不能据此确定官方宕机。,/maintenance; /download,reddit-browser-observation.tsv,Demand evidence; not confirmation of mechanics
R-1wzv1um,Reddit,https://www.reddit.com/r/Aion2/comments/1wzv1um/graphics_issues/,Graphics issues.,2026-10-07T12:20:05Z,exact DOM timestamp; seconds precision,Global discussion context; user testimony,October 2026 launch; exact client build unspecified,visible post text; selected threads also have comment extracts,settings-performance,9070 XT用户报告画面模糊。,/download,reddit-browser-observation.tsv,Demand evidence; not confirmation of mechanics
R-1wzurdi,Reddit,https://www.reddit.com/r/Aion2/comments/1wzurdi/the_market/,THE MARKET?,2026-10-07T12:05:18Z,exact DOM timestamp; seconds precision,Global discussion context; user testimony,October 2026 launch; exact client build unspecified,visible post text; selected threads also have comment extracts,payment-claims,围绕市场会员门槛展开讨论。,/monetization,reddit-browser-observation.tsv,Demand evidence; not confirmation of mechanics
R-1wzuqo4,Reddit,https://www.reddit.com/r/Aion2/comments/1wzuqo4/so_many_bots_in_the_abyss/,So many bots in the Abyss,2026-10-07T12:04:19Z,exact DOM timestamp; seconds precision,Global discussion context; user testimony,October 2026 launch; exact client build unspecified,screening index only,not-used-in-analysis,"Excluded from thematic conclusions: meme, promotion, ambiguous or insufficiently reviewed.",,reddit-browser-observation.tsv,Demand evidence; not confirmation of mechanics
R-1wzupnk,Reddit,https://www.reddit.com/r/Aion2/comments/1wzupnk/strange_issue_in_instanced_areas_only/,Strange issue in Instanced areas only,2026-10-07T12:02:49Z,exact DOM timestamp; seconds precision,Global discussion context; user testimony,October 2026 launch; exact client build unspecified,visible post text; selected threads also have comment extracts,outage-troubleshooting,牧师仅副本内技能延迟，延迟显示仍绿色，普通网络教程无法解释。,/download,reddit-browser-observation.tsv,Demand evidence; not confirmation of mechanics
R-1wzumq5,Reddit,https://www.reddit.com/r/Aion2/comments/1wzumq5/cant_mark_myself/,Can´t mark myself?,2026-10-07T11:59:24Z,exact DOM timestamp; seconds precision,Global discussion context; user testimony,October 2026 launch; exact client build unspecified,screening index only,not-used-in-analysis,"Excluded from thematic conclusions: meme, promotion, ambiguous or insufficiently reviewed.",,reddit-browser-observation.tsv,Demand evidence; not confirmation of mechanics
R-1wzump1,Reddit,https://www.reddit.com/r/Aion2/comments/1wzump1/riding_the_largest_mount_in_the_game/,Riding the largest mount in the game,2026-10-07T11:59:21Z,exact DOM timestamp; seconds precision,Global discussion context; user testimony,October 2026 launch; exact client build unspecified,screening index only,not-used-in-analysis,"Excluded from thematic conclusions: meme, promotion, ambiguous or insufficiently reviewed.",,reddit-browser-observation.tsv,Demand evidence; not confirmation of mechanics
R-1wzuiok,Reddit,https://www.reddit.com/r/Aion2/comments/1wzuiok/market_bug/,Market bug?,2026-10-07T11:53:32Z,exact DOM timestamp; seconds precision,Global discussion context; user testimony,October 2026 launch; exact client build unspecified,visible post text; selected threads also have comment extracts,outage-troubleshooting,市场售出并结算后未收到Kina，重新登录无效。,/maintenance; /monetization,reddit-browser-observation.tsv,Demand evidence; not confirmation of mechanics
R-1wzu5yf,Reddit,https://www.reddit.com/r/Aion2/comments/1wzu5yf/some_male_skins_from_a_poko_skin_bag/,Some male skins from a poko skin bag,2026-10-07T11:34:35Z,exact DOM timestamp; seconds precision,Global discussion context; user testimony,October 2026 launch; exact client build unspecified,screening index only,not-used-in-analysis,"Excluded from thematic conclusions: meme, promotion, ambiguous or insufficiently reviewed.",,reddit-browser-observation.tsv,Demand evidence; not confirmation of mechanics
R-1wzu55z,Reddit,https://www.reddit.com/r/Aion2/comments/1wzu55z/character_preset_creator/,Character Preset Creator,2026-10-07T11:33:25Z,exact DOM timestamp; seconds precision,Global discussion context; user testimony,October 2026 launch; exact client build unspecified,visible post text; selected threads also have comment extracts,presets,寻找可按参考图制作角色预设的人，单个玩家表达付费意愿。,/presets,reddit-browser-observation.tsv,Demand evidence; not confirmation of mechanics
R-1wzu42d,Reddit,https://www.reddit.com/r/Aion2/comments/1wzu42d/i_just_wish_people_would_give_the_game_some_time/,Give the game time before complaining [title shortened],2026-10-07T11:31:42Z,exact DOM timestamp; seconds precision,Global discussion context; user testimony,October 2026 launch; exact client build unspecified,screening index only,not-used-in-analysis,"Excluded from thematic conclusions: meme, promotion, ambiguous or insufficiently reviewed.",,reddit-browser-observation.tsv,Demand evidence; not confirmation of mechanics
R-1wzu3jk,Reddit,https://www.reddit.com/r/Aion2/comments/1wzu3jk/aion_2_has_a_big_bot_problem/,Aion 2 has a big bot problem,2026-10-07T11:30:54Z,exact DOM timestamp; seconds precision,Global discussion context; user testimony,October 2026 launch; exact client build unspecified,screening index only,not-used-in-analysis,"Excluded from thematic conclusions: meme, promotion, ambiguous or insufficiently reviewed.",,reddit-browser-observation.tsv,Demand evidence; not confirmation of mechanics
R-1wzu015,Reddit,https://www.reddit.com/r/Aion2/comments/1wzu015/twitch_drops_question/,Twitch Drops Question,2026-10-07T11:25:35Z,exact DOM timestamp; seconds precision,Global discussion context; user testimony,October 2026 launch; exact client build unspecified,visible post text; selected threads also have comment extracts,payment-claims,不确定Twitch掉宝是否绑定单一角色，因此暂不领取。,/twitch-drops,reddit-browser-observation.tsv,Demand evidence; not confirmation of mechanics
R-1wztv10,Reddit,https://www.reddit.com/r/Aion2/comments/1wztv10/how_do_people_feel_about_character_deletion_in/,How do people feel about character deletion in aion 2,2026-10-07T11:17:41Z,exact DOM timestamp; seconds precision,Global discussion context; user testimony,October 2026 launch; exact client build unspecified,visible post text; selected threads also have comment extracts,account-policy,担心长期不登录会删除角色；帖子把可能处理说成自动处理，官方全文未核验。,/steam,reddit-browser-observation.tsv,Demand evidence; not confirmation of mechanics
R-1wztuuw,Reddit,https://www.reddit.com/r/Aion2/comments/1wztuuw/need_help/,Need help,2026-10-07T11:17:27Z,exact DOM timestamp; seconds precision,Global discussion context; user testimony,October 2026 launch; exact client build unspecified,screening index only,not-used-in-analysis,"Excluded from thematic conclusions: meme, promotion, ambiguous or insufficiently reviewed.",,reddit-browser-observation.tsv,Demand evidence; not confirmation of mechanics
R-1wztsx2,Reddit,https://www.reddit.com/r/Aion2/comments/1wztsx2/which_server_to_transfer/,Which server to transfer,2026-10-07T11:14:27Z,exact DOM timestamp; seconds precision,Global discussion context; user testimony,October 2026 launch; exact client build unspecified,visible post text; selected threads also have comment extracts,server-selection,希望找到主要使用英语的欧洲服务器，准备转服。,/server; /server-transfer,reddit-browser-observation.tsv,Demand evidence; not confirmation of mechanics
R-1wztkzt,Reddit,https://www.reddit.com/r/Aion2/comments/1wztkzt/founder_pack_weapon_box/,Founder Pack weapon box.,2026-10-07T11:01:47Z,exact DOM timestamp; seconds precision,Global discussion context; user testimony,October 2026 launch; exact client build unspecified,visible post text; selected threads also have comment extracts,payment-claims,创始者礼包只能看到称号，找不到武器箱，询问领取范围与步骤。,/monetization,reddit-browser-observation.tsv,Demand evidence; not confirmation of mechanics
R-1wztko8,Reddit,https://www.reddit.com/r/Aion2/comments/1wztko8/i_seriously_hope_they_revisit_battlegrounds/,Battleground balance and melee complaint [title shortened],2026-10-07T11:01:18Z,exact DOM timestamp; seconds precision,Global discussion context; user testimony,October 2026 launch; exact client build unspecified,visible post text; selected threads also have comment extracts,pvp-balance,近战玩家抱怨战场远程爆发及平衡。站点不能解决数值平衡。,/builds,reddit-browser-observation.tsv,Demand evidence; not confirmation of mechanics
R-1wztizj,Reddit,https://www.reddit.com/r/Aion2/comments/1wztizj/question_about_wings/,Question about Wings,2026-10-07T10:58:40Z,exact DOM timestamp; seconds precision,Global discussion context; user testimony,October 2026 launch; exact client build unspecified,screening index only,not-used-in-analysis,"Excluded from thematic conclusions: meme, promotion, ambiguous or insufficiently reviewed.",,reddit-browser-observation.tsv,Demand evidence; not confirmation of mechanics
R-1wztamd,Reddit,https://www.reddit.com/r/Aion2/comments/1wztamd/abyss_is_unbelievably_out_of_balance/,Abyss is unbelievably out of balance,2026-10-07T10:44:38Z,exact DOM timestamp; seconds precision,Global discussion context; user testimony,October 2026 launch; exact client build unspecified,visible post text; selected threads also have comment extracts,pvp-balance,欧洲服玩家抱怨深渊阵营压制，影响任务和羽毛采集。,/server; /map,reddit-browser-observation.tsv,Demand evidence; not confirmation of mechanics
R-1wztakg,Reddit,https://www.reddit.com/r/Aion2/comments/1wztakg/aion_2_40_fps_on_a_9070_xt_14600kf/,AION 2: 40 FPS on a 9070 XT + 14600KF,2026-10-07T10:44:33Z,exact DOM timestamp; seconds precision,Global discussion context; user testimony,October 2026 launch; exact client build unspecified,visible post text; selected threads also have comment extracts,settings-performance,9070 XT和14600KF用户报告城内40至45帧及卡顿。,/download,reddit-browser-observation.tsv,Demand evidence; not confirmation of mechanics
R-1wzta3o,Reddit,https://www.reddit.com/r/Aion2/comments/1wzta3o/thegamer_journalist_gets_destroyed_by_gamers/,TheGamer journalist response [title shortened],2026-10-07T10:43:48Z,exact DOM timestamp; seconds precision,Global discussion context; user testimony,October 2026 launch; exact client build unspecified,screening index only,not-used-in-analysis,"Excluded from thematic conclusions: meme, promotion, ambiguous or insufficiently reviewed.",,reddit-browser-observation.tsv,Demand evidence; not confirmation of mechanics
R-1wzta1o,Reddit,https://www.reddit.com/r/Aion2/comments/1wzta1o/pinnacle_content_raid_removed/,Pinnacle content raid removed.,2026-10-07T10:43:42Z,exact DOM timestamp; seconds precision,Global discussion context; user testimony,October 2026 launch; exact client build unspecified,screening index only,not-used-in-analysis,"Excluded from thematic conclusions: meme, promotion, ambiguous or insufficiently reviewed.",,reddit-browser-observation.tsv,Demand evidence; not confirmation of mechanics
R-1wzt8bf,Reddit,https://www.reddit.com/r/Aion2/comments/1wzt8bf/playing_with_a_friend_who_doesnt_have_sub_is/,Playing with a friend who doesn't have sub is pretty much impossible,2026-10-07T10:40:40Z,exact DOM timestamp; seconds precision,Global discussion context; user testimony,October 2026 launch; exact client build unspecified,visible post text; selected threads also have comment extracts,payment-claims,订阅与不订阅的朋友进度差距扩大，具体次数与购买限制未独立核实。,/monetization; /leveling,reddit-browser-observation.tsv,Demand evidence; not confirmation of mechanics
R-1wzt690,Reddit,https://www.reddit.com/r/Aion2/comments/1wzt690/trash_visual_quality_amd_6800xt/,Trash Visual Quality AMD 6800XT,2026-10-07T10:37:07Z,exact DOM timestamp; seconds precision,Global discussion context; user testimony,October 2026 launch; exact client build unspecified,visible post text; selected threads also have comment extracts,settings-performance,6800 XT用户报告画面质量差。,/download,reddit-browser-observation.tsv,Demand evidence; not confirmation of mechanics
R-1wzt355,Reddit,https://www.reddit.com/r/Aion2/comments/1wzt355/is_it_worth_buying_all_the_commands/,Is it worth buying all the commands?,2026-10-07T10:31:53Z,exact DOM timestamp; seconds precision,Global discussion context; user testimony,October 2026 launch; exact client build unspecified,visible post text; selected threads also have comment extracts,progression,询问是否值得买全所有命令类条目，体现资源分配需求。,/leveling,reddit-browser-observation.tsv,Demand evidence; not confirmation of mechanics
R-1wzt2ir,Reddit,https://www.reddit.com/r/Aion2/comments/1wzt2ir/if_this_one_button_game_is_so_easy_then_why_are/,One button combat and player skill complaint [title shortened],2026-10-07T10:30:49Z,exact DOM timestamp; seconds precision,Global discussion context; user testimony,October 2026 launch; exact client build unspecified,screening index only,not-used-in-analysis,"Excluded from thematic conclusions: meme, promotion, ambiguous or insufficiently reviewed.",,reddit-browser-observation.tsv,Demand evidence; not confirmation of mechanics
R-1wxfhbm,Reddit,https://www.reddit.com/r/Aion2/comments/1wxfhbm/settings_that_made_aion_2_feel_much_better_for_me/,"Settings that made Aion 2 feel much better for me, with explanations",2026-10-04T13:17:23Z,exact DOM timestamp; seconds precision,Global discussion context; user testimony,October 2026 launch; exact client build unspecified,visible post text; selected threads also have comment extracts,settings-performance,详细设置说明获较高互动；评论补充姓名板与体力显示关系，部分建议存在场景差异。,/guide; /download,reddit-browser-observation.tsv,Demand evidence; not confirmation of mechanics
R-1wxpc8t,Reddit,https://www.reddit.com/r/Aion2/comments/1wxpc8t/im_the_only_one/,I'm the only one?,2026-10-04T20:12:55Z,exact DOM timestamp; seconds precision,Global discussion context; user testimony,October 2026 launch; exact client build unspecified,screening index only,not-used-in-analysis,"Excluded from thematic conclusions: meme, promotion, ambiguous or insufficiently reviewed.",,reddit-browser-observation.tsv,Demand evidence; not confirmation of mechanics
R-1wvyubw,Reddit,https://www.reddit.com/r/Aion2/comments/1wvyubw/the_witcher_3_character_sliders_geralt_yennefer/,"The Witcher 3 Character Sliders – Geralt, Yennefer & Ciri",2026-10-02T16:51:29Z,exact DOM timestamp; seconds precision,Global discussion context; user testimony,October 2026 launch; exact client build unspecified,visible post text; selected threads also have comment extracts,presets,巫师角色滑条分享获较高互动，评论希望更方便地下载和套用。,/presets,reddit-browser-observation.tsv,Demand evidence; not confirmation of mechanics
R-roadmap,Reddit,https://www.reddit.com/r/Aion2/comments/1wvue3p/roadmap_fresh_45/,Roadmap fresh 45,2026-10-02; search-derived date,See posted_at: search-derived / relative dates are not exact timestamps,Global,October 2026 discussion; exact client build unspecified,readable thread/body/comment excerpt; pagination not exhaustively read,progression,满级路线、装备门槛、能量花费、旧装备和符文处置引发连续追问。,/leveling,raw/web-08-reddit-week-sampling.json,Demand evidence; not confirmation of mechanics
R-newguide,Reddit,https://www.reddit.com/r/Aion2/comments/1wy4oib/best_new_player_guideeverything_i_learned_from/,New player guide discussion,2026-10-05; October 6 comments; search-derived dates,See posted_at: search-derived / relative dates are not exact timestamps,Global,October 2026 discussion; exact client build unspecified,readable thread/body/comment excerpt; pagination not exhaustively read,progression,玩家追问换主号、旧装备、货币、PVP装备、额外奖励次数；攻略正文不等于机制已核实。,/leveling; /guide,raw/web-05-deep-read-progression-market.json,Demand evidence; not confirmation of mechanics
R-marketdata,Reddit,https://www.reddit.com/r/Aion2/comments/1wyrc6m/aion_2_market_data/,AION 2 market data,2026-10-06; search-derived date,See posted_at: search-derived / relative dates are not exact timestamps,"Global, project coverage unverified",October 2026 discussion; exact client build unspecified,readable thread/body/comment excerpt; pagination not exhaustively read,market-tool,评论明确要求不限数量收藏夹，在一页查看多个物品价格。仅一个明确功能请求。,existing budget planner,raw/web-05-deep-read-progression-market.json,Demand evidence; not confirmation of mechanics
R-patch,Reddit,https://www.reddit.com/r/Aion2/comments/1wzs3qz/aion_2_global_october_7_maintenance_patch_notes/,October 7 maintenance discussion,2026-10-07; date in post title/search,See posted_at: search-derived / relative dates are not exact timestamps,Global,October 2026 discussion; exact client build unspecified,readable thread/body/comment excerpt; pagination not exhaustively read,payment-claims,创始者外观如何补领、小号领取、缺失箱子仍引发困惑。,/monetization; /maintenance,raw/web-09-deep-read-steam-feedback.json,Demand evidence; not confirmation of mechanics
R-patch2,Reddit,https://www.reddit.com/r/Aion2/comments/1wzpkt7/notice_patch_notes_oct_6_pdt_oct_7_cest/,October 6 PDT / October 7 CEST patch,2026-10-07; title/search date,See posted_at: search-derived / relative dates are not exact timestamps,Global,October 2026 discussion; exact client build unspecified,readable thread/body/comment excerpt; pagination not exhaustively read,patch-actions,玩家关注订阅范围、皮革掉落、翅膀转换限额；需求应转成更新后可做的操作。,/maintenance; /monetization,raw/web-10-official-patch-builds.json,Demand evidence; not confirmation of mechanics
R-buildgap,Reddit,https://www.reddit.com/r/Aion2/comments/1wzr5ux/understanding_global_class_imbalance/,Understanding class imbalance,2026-10-07; search-derived date,See posted_at: search-derived / relative dates are not exact timestamps,Global vs KR/TW comparisons,October 2026 discussion; exact client build unspecified,readable thread/body/comment excerpt; pagination not exhaustively read,builds,旧赛季攻略难套当前装备阶段；职业效率百分比属于玩家主张，不能写入事实。,/builds; eight class guides,raw/web-10-official-patch-builds.json,Demand evidence; not confirmation of mechanics
R-sorc,Reddit,https://www.reddit.com/r/Aion2/comments/1wyumod/my_aion_2_sorceror_build/,Sorcerer build,2026-10-06; search-derived date,See posted_at: search-derived / relative dates are not exact timestamps,Global,October 2026 discussion; exact client build unspecified,search excerpt only; lower confidence than full thread,builds,想知道技能、被动、加护盘如何分配，并混淆不同付费产品。,/builds; /sorcerer,raw/web-06-steam-errors-week-search.json,Demand evidence; not confirmation of mechanics
R-disconnect,Reddit,https://www.reddit.com/r/Aion2/comments/1wz6pd2/game_keeps_disconnecting_after_working_fine_for_a/,Repeated disconnects,2026-10-06; search-derived date,See posted_at: search-derived / relative dates are not exact timestamps,Global,October 2026 discussion; exact client build unspecified,search excerpt only; lower confidence than full thread,outage-troubleshooting,此前可以游玩，随后反复断开连接。,/download; /maintenance,raw/web-06-steam-errors-week-search.json,Demand evidence; not confirmation of mechanics
R-europe,Reddit,https://www.reddit.com/r/Aion2/comments/1wz59e0/unable_to_join_the_game_on_europe_servers/,Cannot join Europe servers,2026-10-06; search-derived date,See posted_at: search-derived / relative dates are not exact timestamps,Global / Europe,October 2026 discussion; exact client build unspecified,readable thread/body/comment excerpt; pagination not exhaustively read,outage-troubleshooting,角色选择后断开连接，需要按错误阶段诊断。,/download; /maintenance,raw/web-08-reddit-week-sampling.json,Demand evidence; not confirmation of mechanics
R-restart,Reddit,https://www.reddit.com/r/Aion2/comments/1wzgecs/should_i_restart_on_a_global_server/,Restart or transfer,2026-10-06; search-derived date,See posted_at: search-derived / relative dates are not exact timestamps,Global / Advanced Access pools,October 2026 discussion; exact client build unspecified,search excerpt only; lower confidence than full thread,server-selection,是否要重练以及奖励、原服务器和转服池限制。,/server-transfer,raw/web-06-steam-errors-week-search.json,Demand evidence; not confirmation of mechanics
R-cosmetics,Reddit,https://www.reddit.com/r/Aion2/comments/1wz0591/cosmetics_from_an_f2p_perspective_can_you_unlock/,F2P cosmetics,2026-10-06; search-derived date,See posted_at: search-derived / relative dates are not exact timestamps,Global,October 2026 discussion; exact client build unspecified,search excerpt only; lower confidence than full thread,presets,想知道哪些外观可以通过游玩获得。,/presets; /monetization,raw/web-03-focused-search.json,Demand evidence; not confirmation of mechanics
R-appearancecost,Reddit,https://www.reddit.com/r/Aion2/comments/1wzc6wv/could_we_skip_the_part_where_the_player_base/,Appearance change costs,2026-10-06; search-derived date,See posted_at: search-derived / relative dates are not exact timestamps,Global,October 2026 discussion; exact client build unspecified,search excerpt only; lower confidence than full thread,presets,对发型、化妆、染色等付费修改成本不满，需解释预览与实际应用区别。,/character-creation; /presets,raw/web-03-focused-search.json,Demand evidence; not confirmation of mechanics
R-sitefeedback,Reddit,https://www.reddit.com/r/Aion2/comments/1wwb561/created_a_website_for_aion_2_would_appreciate/,Player feedback on another guide site,2026-10-03; October 6 reply; search-derived dates,See posted_at: search-derived / relative dates are not exact timestamps,Global,October 2026 discussion; exact client build unspecified,readable thread/body/comment excerpt; pagination not exhaustively read,guide-format,一条反馈嫌文字太多，更想要装备搭配或计算器；不能据此判断全体玩家偏好。,/builds; existing tools,raw/web-09-deep-read-steam-feedback.json,Demand evidence; not confirmation of mechanics
R-airoadmap,Reddit,https://www.reddit.com/r/Aion2/comments/1wvl2ix/removed/,Removed roadmap: surviving comments,2026-10-02; search-derived date,See posted_at: search-derived / relative dates are not exact timestamps,Global,October 2026 discussion; exact client build unspecified,readable thread/body/comment excerpt; pagination not exhaustively read,guide-format,评论批评AI路线和错误图标；原帖已删除，未恢复正文。,/leveling; /guide,raw/web-08-reddit-week-sampling.json,Demand evidence; not confirmation of mechanics
S-dxgi,Steam Community,https://steamcommunity.com/app/3393110/discussions/6/583935635494139006/,DXGI_ERROR_INVALID_CALL,Parent 2026-09-30; visible replies October 1–2; later relative reply unanchored,See posted_at: search-derived / relative dates are not exact timestamps,Global / Steam,October 2026 discussion; exact client build unspecified,readable thread/body/comment excerpt; pagination not exhaustively read,outage-troubleshooting,玩家报告启动错误，部分以刷新率变更恢复；不能保证通用有效。,/download,raw/web-09-deep-read-steam-feedback.json,Demand evidence; not confirmation of mechanics
S-subscope,Steam Community,https://steamcommunity.com/app/3393110/discussions/6/583935635494124713/,Subscription scope,Parent 2026-09-30; visible replies October 1,See posted_at: search-derived / relative dates are not exact timestamps,Global / Steam,October 2026 discussion; exact client build unspecified,readable thread/body/comment excerpt; pagination not exhaustively read,payment-claims,账号、服务器、角色三种付费范围混淆；只读取可见首页，87条累计评论不等于全已读。,/monetization,raw/web-12-settings-presets-account.json,Demand evidence; not confirmation of mechanics
S-subtier,Steam Community,https://steamcommunity.com/app/3393110/discussions/6/583935635494153349/,Included membership tier,2026-10-01; Steam displayed date,See posted_at: search-derived / relative dates are not exact timestamps,Global / Steam,October 2026 discussion; exact client build unspecified,readable thread/body/comment excerpt; pagination not exhaustively read,payment-claims,礼包包含基础还是高级会员、会员与通行证是否同类。,/monetization,raw/web-12-settings-presets-account.json,Demand evidence; not confirmation of mechanics
K-abyss,Inven,https://www.inven.co.kr/board/aion2/6388/280426,Abyss performance,2026-10-07 23:08 KST; original HTML,See posted_at: search-derived / relative dates are not exact timestamps,KR,October 2026 discussion; exact client build unspecified,readable thread/body/comment excerpt; pagination not exhaustively read,settings-performance,优化更新后仍在深渊技能延迟；只能作KR补充信号。,/download,raw/inven-abyss-optimization.html,Demand evidence; not confirmation of mechanics
K-amd,Inven,https://www.inven.co.kr/board/aion2/6388/280418,AMD driver warning,2026-10-07 21:35 KST; original HTML,See posted_at: search-derived / relative dates are not exact timestamps,KR,October 2026 discussion; exact client build unspecified,readable thread/body/comment excerpt; pagination not exhaustively read,settings-performance,更新AMD驱动后客户端仍提示更新。,/download,raw/inven-amd-prompt.html,Demand evidence; not confirmation of mechanics
K-return,Inven,https://www.inven.co.kr/board/aion2/6388/280412,Returning player,2026-10-07 20:49 KST; original HTML,See posted_at: search-derived / relative dates are not exact timestamps,KR,October 2026 discussion; exact client build unspecified,readable thread/body/comment excerpt; pagination not exhaustively read,progression,半年后回归询问追赶、通行证和公会；生命周期不同于刚开服Global。,/leveling,raw/inven-returning-player.html,Demand evidence; not confirmation of mechanics
K-event,Inven,https://www.inven.co.kr/board/aion2/6388/280398,Artifact time,2026-10-07 19:26 KST; original HTML,See posted_at: search-derived / relative dates are not exact timestamps,KR,October 2026 discussion; exact client build unspecified,readable thread/body/comment excerpt; pagination not exhaustively read,timers,询问活动时间；不移植KR时间表到Global。,existing event timers,raw/inven-artifact-time.html,Demand evidence; not confirmation of mechanics
K-global,Inven,https://www.inven.co.kr/board/aion2/6388/280362,KR player tries Global,2026-10-07 17:01 KST; original HTML,See posted_at: search-derived / relative dates are not exact timestamps,"KR poster, Global experience",October 2026 discussion; exact client build unspecified,readable thread/body/comment excerpt; pagination not exhaustively read,progression,重做探索、资源与装备成长负担；老服玩家视角可能偏向效率。,/leveling,raw/inven-global-experience.html,Demand evidence; not confirmation of mechanics
B-bundle,Bahamut,https://forum.gamer.com.tw/C.php?bsn=82913&snA=6260,Paid bundle confusion,October 6–7 relative displays at October 7 capture; local board context,See posted_at: search-derived / relative dates are not exact timestamps,TW/KR context from comments; exact server unspecified,October 2026 discussion; exact client build unspecified,readable thread/body/comment excerpt; pagination not exhaustively read,payment-claims,重复礼包外观与客服回复冲突，玩家对购买前说明缺乏信任；不采纳诈骗或退款规则指控，不移植其规则到Global。,/monetization,raw/bahamut-paid-bundle-confusion.html,Demand evidence; not confirmation of mechanics
B-assassin,Bahamut,https://forum.gamer.com.tw/C.php?bsn=82913&snA=6253,Assassin DPS question,2026-10-04 05:43 edit time; original HTML,See posted_at: search-derived / relative dates are not exact timestamps,TW / KR-TW build context,October 2026 discussion; exact client build unspecified,readable thread/body/comment excerpt; pagination not exhaustively read,builds,刺客伤害与护法比较，询问装备和技能；不能推导Global职业排行。,/builds; /assassin,raw/bahamut-assassin-dps.html,Demand evidence; not confirmation of mechanics
B-sorc,Bahamut,https://forum.gamer.com.tw/C.php?bsn=82913&snA=6252,Sorcerer PvP/PvE allocation,2026-10-02 07:31:05 CST; original HTML,See posted_at: search-derived / relative dates are not exact timestamps,TW,October 2026 discussion; exact client build unspecified,readable thread/body/comment excerpt; pagination not exhaustively read,builds,新手搜到旧加护盘，想要当前PVE及PVP点法。,/builds; /sorcerer,raw/bahamut-sorcerer-board.html,Demand evidence; not confirmation of mechanics
