created_at_utc	permalink	score	comments	title
2026-10-07T14:16:13Z	/r/Aion2/comments/1wzxot9/help_with_abyss_feathers/	1	0	Help with Abyss Feathers
2026-10-07T14:15:46Z	/r/Aion2/comments/1wzxoeo/is_it_worth_to_craft_gear_right_now_or_wait/	1	2	is it worth to craft gear right now or wait?
2026-10-07T14:10:01Z	/r/Aion2/comments/1wzxjf3/group_activities_as_an_mmo/	1	3	Group activities as an MMO?
2026-10-07T14:09:07Z	/r/Aion2/comments/1wzxinc/top_tier_will_and_chris_reference/	2	0	Top Tier Will and Chris reference
2026-10-07T14:06:58Z	/r/Aion2/comments/1wzxgri/any_way_to_disable_upscaler/	0	8	Any way to disable upscaler?
2026-10-07T14:06:46Z	/r/Aion2/comments/1wzxgl2/i_understand_elitism_in_conquest_group_search_now/	2	2	I understand Elitism in Conquest group search now
2026-10-07T14:01:19Z	/r/Aion2/comments/1wzxbu7/content_update_cycles/	3	3	Content update cycles
2026-10-07T14:01:16Z	/r/Aion2/comments/1wzxbs8/do_we_need_to_run_fire_temple_84_times_to/	1	4	Do we need to run Fire Temple 84 times to guarantee the weapon?
2026-10-07T13:59:21Z	/r/Aion2/comments/1wzx9to/psa_you_probably_want_to_disable_set_main_target/	2	0	PSA: You probably want to disable Set Main Target Upon Attack
2026-10-07T13:58:56Z	/r/Aion2/comments/1wzx9gb/i_see_a_lot_of_people_comparing_aion_2_to_lost/	0	16	Comparing AION 2 to Lost Ark [title shortened]
2026-10-07T13:55:33Z	/r/Aion2/comments/1wzx6n4/honest_thoughts_on_aion_2/	0	24	Honest Thoughts on Aion 2
2026-10-07T13:49:01Z	/r/Aion2/comments/1wzx12t/57/	0	9	57%
2026-10-07T13:46:26Z	/r/Aion2/comments/1wzwywa/theres_no_way_im_the_only_one_bothered_by_this/	0	4	Theres no way Im the only one bothered by this combat error text?
2026-10-07T13:34:53Z	/r/Aion2/comments/1wzwp4u/wtf_is_this/	3	3	WTF is this
2026-10-07T13:33:30Z	/r/Aion2/comments/1wzwnxm/is_there_any_way_to_fix_the_terrible_targeting/	2	5	Is there any way to fix the terrible targeting?
2026-10-07T13:24:52Z	/r/Aion2/comments/1wzwgi8/entered_dungeons_solo_gladiator_is_perfect/	0	0	Entered dungeons solo, Gladiator is perfect!
2026-10-07T13:23:50Z	/r/Aion2/comments/1wzwfmf/graphic_issues_with_scanlines_and_grainy_shadows/	0	0	Graphic issues with scanlines and grainy shadows
2026-10-07T13:18:53Z	/r/Aion2/comments/1wzwbl8/performance_mods/	3	1	Performance mods?
2026-10-07T13:16:11Z	/r/Aion2/comments/1wzw9bo/founders_pack_buyere_we_can_now_use_on_alts/	2	4	Founders pack buyere we can now use on alts
2026-10-07T13:13:43Z	/r/Aion2/comments/1wzw7b0/my_friend_is_live_come_hang_out_aion_2_fanatic/	0	0	My friend is live! Come hang out. Aion 2 Fanatic! Love this game!
2026-10-07T13:12:25Z	/r/Aion2/comments/1wzw66r/no_bias_or_hate_justify_the_sub/	0	11	No bias or hate - Justify the sub
2026-10-07T12:55:29Z	/r/Aion2/comments/1wzvsk5/i_made_a_free_dps_meter_for_aion_2/	10	8	I made a free DPS meter for AION 2
2026-10-07T12:48:21Z	/r/Aion2/comments/1wzvn01/i_dont_understand_why_you_cant_make_the_breasts/	0	23	Body customization minimum size complaint [title shortened]
2026-10-07T12:45:20Z	/r/Aion2/comments/1wzvkqc/made_a_gladiator_pvp_guide_for_the_glad_enjoyers/	1	0	Made a Gladiator PvP Guide for the GLAD Enjoyers
2026-10-07T12:34:29Z	/r/Aion2/comments/1wzvcdm/anyone_else_log_in_this_morning_to_missing_funds/	4	13	Anyone else log in this morning to missing funds after update?
2026-10-07T12:29:24Z	/r/Aion2/comments/1wzv8ku/azphel/	1	6	Azphel
2026-10-07T12:20:05Z	/r/Aion2/comments/1wzv1um/graphics_issues/	1	4	Graphics issues.
2026-10-07T12:05:18Z	/r/Aion2/comments/1wzurdi/the_market/	0	64	THE MARKET?
2026-10-07T12:04:19Z	/r/Aion2/comments/1wzuqo4/so_many_bots_in_the_abyss/	19	22	So many bots in the Abyss
2026-10-07T12:02:49Z	/r/Aion2/comments/1wzupnk/strange_issue_in_instanced_areas_only/	2	0	Strange issue in Instanced areas only
2026-10-07T11:59:24Z	/r/Aion2/comments/1wzumq5/cant_mark_myself/	2	1	Can´t mark myself?
2026-10-07T11:59:21Z	/r/Aion2/comments/1wzump1/riding_the_largest_mount_in_the_game/	5	1	Riding the largest mount in the game
2026-10-07T11:53:32Z	/r/Aion2/comments/1wzuiok/market_bug/	2	3	Market bug?
2026-10-07T11:34:35Z	/r/Aion2/comments/1wzu5yf/some_male_skins_from_a_poko_skin_bag/	7	7	Some male skins from a poko skin bag
2026-10-07T11:33:25Z	/r/Aion2/comments/1wzu55z/character_preset_creator/	2	1	Character Preset Creator
2026-10-07T11:31:42Z	/r/Aion2/comments/1wzu42d/i_just_wish_people_would_give_the_game_some_time/	24	36	Give the game time before complaining [title shortened]
2026-10-07T11:30:54Z	/r/Aion2/comments/1wzu3jk/aion_2_has_a_big_bot_problem/	20	29	Aion 2 has a big bot problem
2026-10-07T11:25:35Z	/r/Aion2/comments/1wzu015/twitch_drops_question/	0	3	Twitch Drops Question
2026-10-07T11:17:41Z	/r/Aion2/comments/1wztv10/how_do_people_feel_about_character_deletion_in/	100	78	How do people feel about character deletion in aion 2
2026-10-07T11:17:27Z	/r/Aion2/comments/1wztuuw/need_help/	6	2	Need help
2026-10-07T11:14:27Z	/r/Aion2/comments/1wztsx2/which_server_to_transfer/	5	12	Which server to transfer
2026-10-07T11:01:47Z	/r/Aion2/comments/1wztkzt/founder_pack_weapon_box/	1	5	Founder Pack weapon box.
2026-10-07T11:01:18Z	/r/Aion2/comments/1wztko8/i_seriously_hope_they_revisit_battlegrounds/	0	18	Battleground balance and melee complaint [title shortened]
2026-10-07T10:58:40Z	/r/Aion2/comments/1wztizj/question_about_wings/	0	4	Question about Wings
2026-10-07T10:44:38Z	/r/Aion2/comments/1wztamd/abyss_is_unbelievably_out_of_balance/	16	47	Abyss is unbelievably out of balance
2026-10-07T10:44:33Z	/r/Aion2/comments/1wztakg/aion_2_40_fps_on_a_9070_xt_14600kf/	2	11	AION 2: 40 FPS on a 9070 XT + 14600KF
2026-10-07T10:43:48Z	/r/Aion2/comments/1wzta3o/thegamer_journalist_gets_destroyed_by_gamers/	2	28	TheGamer journalist response [title shortened]
2026-10-07T10:43:42Z	/r/Aion2/comments/1wzta1o/pinnacle_content_raid_removed/	0	23	Pinnacle content raid removed.
2026-10-07T10:40:40Z	/r/Aion2/comments/1wzt8bf/playing_with_a_friend_who_doesnt_have_sub_is/	0	64	Playing with a friend who doesn't have sub is pretty much impossible
2026-10-07T10:37:07Z	/r/Aion2/comments/1wzt690/trash_visual_quality_amd_6800xt/	1	16	Trash Visual Quality AMD 6800XT
2026-10-07T10:31:53Z	/r/Aion2/comments/1wzt355/is_it_worth_buying_all_the_commands/	1	2	Is it worth buying all the commands?
2026-10-07T10:30:49Z	/r/Aion2/comments/1wzt2ir/if_this_one_button_game_is_so_easy_then_why_are/	0	20	One button combat and player skill complaint [title shortened]
2026-10-04T13:17:23Z	/r/Aion2/comments/1wxfhbm/settings_that_made_aion_2_feel_much_better_for_me/	1502	110	Settings that made Aion 2 feel much better for me, with explanations
2026-10-04T20:12:55Z	/r/Aion2/comments/1wxpc8t/im_the_only_one/	1037	113	I'm the only one?
2026-10-02T16:51:29Z	/r/Aion2/comments/1wvyubw/the_witcher_3_character_sliders_geralt_yennefer/	1027	59	The Witcher 3 Character Sliders – Geralt, Yennefer & Ciri
