label,url,final_url,kind,retrieved_at_utc,status,content_type,bytes,sha256,error,body_file,semantic_result,top_keys
api-global-eu-board-detail,https://aion2.plaync.com/api/character/daevanion/detail?characterId=WXUNNknM-mlwfJT7-1NEuwDBIveZJdhp1LmZnc6-QTY%3D&serverId=1306&lang=en-US&region=eu&boardId=11,https://aion2.plaync.com/api/character/daevanion/detail?characterId=WXUNNknM-mlwfJT7-1NEuwDBIveZJdhp1LmZnc6-QTY%3D&serverId=1306&lang=en-US&region=eu&boardId=11,json,2026-10-02T18:34:11.518078+00:00,200,application/json,40595,6432498e803c42cc4b33ff021c702c107a196c55839b3f90841ff027cf6209f1,,raw/api-global-eu-board-detail.body,json_received,nodeList;openSkillEffectList;openStatEffectList
api-global-eu-classes,https://aion2.plaync.com/en-us/api/gameinfo/classes?lang=en-US&region=eu,https://aion2.plaync.com/en-us/api/gameinfo/classes?lang=en-US&region=eu,json,2026-10-02T18:24:43.390053+00:00,200,application/json,373,570b822637aa00ca1a6e05c9e73881d77ade6a9ab6e6c01d6489195c162dd54e,,raw/api-global-eu-classes.body,json_received,classList
api-global-eu-equipment,https://aion2.plaync.com/api/character/equipment?characterId=WXUNNknM-mlwfJT7-1NEuwDBIveZJdhp1LmZnc6-QTY%3D&serverId=1306&lang=en-US&region=eu,https://aion2.plaync.com/api/character/equipment?characterId=WXUNNknM-mlwfJT7-1NEuwDBIveZJdhp1LmZnc6-QTY%3D&serverId=1306&lang=en-US&region=eu,json,2026-10-02T18:25:38.602776+00:00,200,application/json,7725,7b695dcd70734a0a0b4d7a4578589afdd93f896fd52b9440918004fa144dfa08,,raw/api-global-eu-equipment.body,json_received,equipment;petwing;skill
api-global-eu-equipped-item-detail,https://aion2.plaync.com/api/character/equipment/item?characterId=WXUNNknM-mlwfJT7-1NEuwDBIveZJdhp1LmZnc6-QTY%3D&serverId=1306&lang=en-US&region=eu&id=110160001&enchantLevel=0&slotPos=1,https://aion2.plaync.com/api/character/equipment/item?characterId=WXUNNknM-mlwfJT7-1NEuwDBIveZJdhp1LmZnc6-QTY%3D&serverId=1306&lang=en-US&region=eu&id=110160001&enchantLevel=0&slotPos=1,json,2026-10-02T18:34:09.973433+00:00,200,application/json,956,99d2b2af21f760e51798f625faf373ae262e49770fdd226169201d25d44ec931,,raw/api-global-eu-equipped-item-detail.body,json_received,id;name;grade;gradeName;icon;level;levelValue;enchantLevel;storable;tradable;tradablePersonal;enchantable;decomposable;maxEnchantLevel;raceName;classNames;categoryName;type;equipLevel;magicStoneSlotCount;costumes;subStatCount;subSkillCountMax;subStatRandom;mainStats;soulBindRate;favorite
api-global-eu-info,https://aion2.plaync.com/api/character/info?characterId=WXUNNknM-mlwfJT7-1NEuwDBIveZJdhp1LmZnc6-QTY%3D&serverId=1306&lang=en-US&region=eu,https://aion2.plaync.com/api/character/info?characterId=WXUNNknM-mlwfJT7-1NEuwDBIveZJdhp1LmZnc6-QTY%3D&serverId=1306&lang=en-US&region=eu,json,2026-10-02T18:25:36.475128+00:00,200,application/json,3173,b80160c8590592e5e8d3edf0d868849cdadb81bbf79a8e5d0cb461c5c0402708,,raw/api-global-eu-info.body,json_received,profile;stat;title;ranking;daevanion
api-global-eu-item-corrected,https://aion2.plaync.com/en-us/api/gameconst/item?id=110120001&enchantLevel=0&lang=en-US&region=eu,https://aion2.plaync.com/en-us/api/gameconst/item?id=110120001&enchantLevel=0&lang=en-US&region=eu,json,2026-10-02T18:25:32.027092+00:00,200,application/json,242,88e527ca015a9537c405698a6e2a8e76a045ffa43391a44f92c80626fdf6c987,,raw/api-global-eu-item-corrected.body,empty_item_id_zero,id;level;levelValue;enchantLevel;storable;tradable;tradablePersonal;enchantable;decomposable;equipLevel;subStatCount;subSkillCountMax;subStatRandom;favorite
api-global-eu-item-from-equipment,https://aion2.plaync.com/en-us/api/gameconst/item?id=110160001&enchantLevel=0&lang=en-US,https://aion2.plaync.com/en-us/api/gameconst/item?id=110160001&enchantLevel=0&lang=en-US,json,2026-10-02T18:34:08.751418+00:00,200,application/json,935,c2feb8963999ac4734cd27a03dad73b9263e3275964d9af40b190ae40a7d824a,,raw/api-global-eu-item-from-equipment.body,json_received,id;name;grade;gradeName;icon;level;levelValue;enchantLevel;storable;tradable;tradablePersonal;enchantable;decomposable;maxEnchantLevel;raceName;classNames;categoryName;type;equipLevel;magicStoneSlotCount;costumes;subStatCount;subSkillCountMax;subStatRandom;mainStats;favorite
api-global-eu-item,https://aion2.plaync.com/en-us/api/gameconst/item?id=110120001&lang=en-US&region=eu,,json,2026-10-02T18:24:44.520389+00:00,400,,,,HTTP Error 400: Bad Request,raw/api-global-eu-item.body,request_failed,
api-global-eu-ranking,https://aion2.plaync.com/api/ranking/list?rankingContentsType=1&rankingType=0&serverId=1306&lang=en-US&region=eu,https://aion2.plaync.com/api/ranking/list?rankingContentsType=1&rankingType=0&serverId=1306&lang=en-US&region=eu,json,2026-10-02T18:34:12.970101+00:00,200,application/json,74,7f0fc41dd7cf1bfc899df200c71d44f773433682757b286072de1e12a70ac8d2,,raw/api-global-eu-ranking.body,empty_ranking_no_season,friendRankingList;myRanking;rankingList;season
api-global-eu-search-corrected,https://api-search.plaync.com/aion2global/search/v2/character?keyword=a&page=1&size=3&localeInfo=en-US&region=eu,https://api-search.plaync.com/aion2global/search/v2/character?keyword=a&page=1&size=3&localeInfo=en-US&region=eu,json,2026-10-02T18:25:31.384291+00:00,200,application/json,913,ced988186e12d0f8d1c40ee6c3cd676c7dc6b6104aa9cb2999f84988b6d25e4e,,raw/api-global-eu-search-corrected.body,json_received,list;pagination
api-global-eu-search,https://api-search.plaync.com/aion2global/search/v2/character?keyword=a&page=1&size=3&lang=en-US&region=eu,,json,2026-10-02T18:24:43.934003+00:00,400,,,,HTTP Error 400: Bad Request,raw/api-global-eu-search.body,request_failed,
api-global-eu-servers,https://aion2.plaync.com/en-us/api/gameinfo/servers?lang=en-US&region=eu,https://aion2.plaync.com/en-us/api/gameinfo/servers?lang=en-US&region=eu,json,2026-10-02T18:24:43.378347+00:00,200,application/json,1384,f9b8b4651965d4f1b5abe128de4087ff10a0581f0992abb896bb0f75978258b4,,raw/api-global-eu-servers.body,json_received,serverList
api-global-item-de-de,https://aion2.plaync.com/de-de/api/gameconst/item?id=110160001&enchantLevel=0&lang=de-DE,https://aion2.plaync.com/de-de/api/gameconst/item?id=110160001&enchantLevel=0&lang=de-DE,json,2026-10-02T18:34:14.156260+00:00,200,application/json,971,9d915fe8abfd4edb4de68889df8ed6422fabecf420a3d4b3a0b94abeb9062a0e,,raw/api-global-item-de-de.body,json_received,id;name;grade;gradeName;icon;level;levelValue;enchantLevel;storable;tradable;tradablePersonal;enchantable;decomposable;maxEnchantLevel;raceName;classNames;categoryName;type;equipLevel;magicStoneSlotCount;costumes;subStatCount;subSkillCountMax;subStatRandom;mainStats;favorite
api-global-item-es-es,https://aion2.plaync.com/es-es/api/gameconst/item?id=110160001&enchantLevel=0&lang=es-ES,https://aion2.plaync.com/es-es/api/gameconst/item?id=110160001&enchantLevel=0&lang=es-ES,json,2026-10-02T18:34:14.745638+00:00,200,application/json,932,12e8bd7294827e61638cf3993c7e6d13c6cf354b0c0aa7a81db1bd54447d0acf,,raw/api-global-item-es-es.body,json_received,id;name;grade;gradeName;icon;level;levelValue;enchantLevel;storable;tradable;tradablePersonal;enchantable;decomposable;maxEnchantLevel;raceName;classNames;categoryName;type;equipLevel;magicStoneSlotCount;costumes;subStatCount;subSkillCountMax;subStatRandom;mainStats;favorite
api-global-item-ja-jp,https://aion2.plaync.com/ja-jp/api/gameconst/item?id=110160001&enchantLevel=0&lang=ja-JP,https://aion2.plaync.com/ja-jp/api/gameconst/item?id=110160001&enchantLevel=0&lang=ja-JP,json,2026-10-02T18:34:15.326652+00:00,200,application/json,1005,8b6485aa042943d0caa6acb6df08d3dcb4a316ca22efc6cbb6851bd1fad020aa,,raw/api-global-item-ja-jp.body,json_received,id;name;grade;gradeName;icon;level;levelValue;enchantLevel;storable;tradable;tradablePersonal;enchantable;decomposable;maxEnchantLevel;raceName;classNames;categoryName;type;equipLevel;magicStoneSlotCount;costumes;subStatCount;subSkillCountMax;subStatRandom;mainStats;favorite
api-kr-search,https://aion2.plaync.com/api/search/character?keyword=a&page=1&size=3,https://www.plaync.com/error/404,json,2026-10-02T18:24:44.953404+00:00,200,text/html;charset=UTF-8,2080,356b8b4e35dd77c7be73cda3c2990ddfa1363606ded81957165172373695435a,Expecting value: line 1 column 1 (char 0),raw/api-kr-search.body,non_json_http_200,
api-kr-servers,https://aion2.plaync.com/api/gameinfo/servers?lang=ko,https://www.plaync.com/error/404,json,2026-10-02T18:24:44.579201+00:00,200,text/html;charset=UTF-8,2080,356b8b4e35dd77c7be73cda3c2990ddfa1363606ded81957165172373695435a,Expecting value: line 1 column 1 (char 0),raw/api-kr-servers.body,non_json_http_200,
api-tw-board-detail,https://tw.ncsoft.com/aion2/api/character/daevanion/detail?characterId=8uG90RpNbMFNJtZ0BKzyZb01ISAg2X790HxK1Dp82Rw%3D&serverId=2004&lang=en&boardId=31,https://tw.ncsoft.com/aion2/api/character/daevanion/detail?characterId=8uG90RpNbMFNJtZ0BKzyZb01ISAg2X790HxK1Dp82Rw%3D&serverId=2004&lang=en&boardId=31,json,2026-10-02T18:34:35.850801+00:00,200,application/json,49553,da2f6eb1ebe013493170079c0f0c33a135fcba6000b1988491e5c4e13290f4c7,,raw/api-tw-board-detail.body,json_received,nodeList;openSkillEffectList;openStatEffectList
api-tw-catalog-localized,https://tw.ncsoft.com/aion2_tw/v2.0/dict/search/item?page=1&size=3&locale=zh-TW,https://tw.ncsoft.com/aion2_tw/v2.0/dict/search/item?page=1&size=3&locale=zh-TW,json,2026-10-02T18:25:32.040010+00:00,200,application/json,983,ce8a09e9f0ac295f7422c6a87414d32e0f42eeaec9d3069cc449a8fcf34a4c23,,raw/api-tw-catalog-localized.body,json_received,contents;pagination
api-tw-catalog,https://tw.ncsoft.com/aion2_tw/v2.0/dict/search/item?page=1&size=3,https://tw.ncsoft.com/aion2_tw/v2.0/dict/search/item?page=1&size=3,json,2026-10-02T18:24:42.984489+00:00,200,application/json,1008,6d4ce71e25b421c8a816ed6e330c0753f369ef2b3e8b7dc6eb7b41a7b61d27e7,,raw/api-tw-catalog.body,json_received,contents;pagination
api-tw-classes,https://tw.ncsoft.com/aion2/api/gameinfo/classes?lang=en,https://tw.ncsoft.com/aion2/api/gameinfo/classes?lang=en,json,2026-10-02T18:24:42.193219+00:00,200,application/json,417,4c3fca0b0266df774ad4adfb2b0f67f5464aa3fa69e37dc80dee94b03ff5d9af,,raw/api-tw-classes.body,json_received,classList
api-tw-equipment,https://tw.ncsoft.com/aion2/api/character/equipment?characterId=8uG90RpNbMFNJtZ0BKzyZb01ISAg2X790HxK1Dp82Rw%3D&serverId=2004&lang=en,https://tw.ncsoft.com/aion2/api/character/equipment?characterId=8uG90RpNbMFNJtZ0BKzyZb01ISAg2X790HxK1Dp82Rw%3D&serverId=2004&lang=en,json,2026-10-02T18:25:34.838016+00:00,200,application/json,7682,19149bc285542d95bafcff9f9f835c366e9521716687bee5771351db0313b8e3,,raw/api-tw-equipment.body,json_received,equipment;petwing;skill
api-tw-equipped-item-detail,https://tw.ncsoft.com/aion2/api/character/equipment/item?characterId=8uG90RpNbMFNJtZ0BKzyZb01ISAg2X790HxK1Dp82Rw%3D&serverId=2004&lang=en&id=110460008&enchantLevel=0&slotPos=1,https://tw.ncsoft.com/aion2/api/character/equipment/item?characterId=8uG90RpNbMFNJtZ0BKzyZb01ISAg2X790HxK1Dp82Rw%3D&serverId=2004&lang=en&id=110460008&enchantLevel=0&slotPos=1,json,2026-10-02T18:34:34.598283+00:00,200,application/json,858,f9aba2ee7bdf726581608753366b7405a8dcc72fdda9e8394466779b76e513be,,raw/api-tw-equipped-item-detail.body,json_received,id;name;grade;gradeName;icon;level;levelValue;enchantLevel;storable;tradable;tradablePersonal;enchantable;decomposable;maxEnchantLevel;raceName;classNames;categoryName;type;equipLevel;magicStoneSlotCount;costumes;subStatCount;subSkillCountMax;subStatRandom;mainStats;soulBindRate;favorite
api-tw-info,https://tw.ncsoft.com/aion2/api/character/info?characterId=8uG90RpNbMFNJtZ0BKzyZb01ISAg2X790HxK1Dp82Rw%3D&serverId=2004&lang=en,https://tw.ncsoft.com/aion2/api/character/info?characterId=8uG90RpNbMFNJtZ0BKzyZb01ISAg2X790HxK1Dp82Rw%3D&serverId=2004&lang=en,json,2026-10-02T18:25:33.200275+00:00,200,application/json,3728,58c7c34ca46bfa6e3850e31fefe16a85b68621bc1f87904f7739fbc7d1715ce3,,raw/api-tw-info.body,json_received,profile;stat;title;ranking;daevanion
api-tw-item-corrected,https://tw.ncsoft.com/aion2/api/gameconst/item?id=110120001&enchantLevel=0&lang=en,https://tw.ncsoft.com/aion2/api/gameconst/item?id=110120001&enchantLevel=0&lang=en,json,2026-10-02T18:25:31.384840+00:00,200,application/json,2288,1938d1b294090fe51dcf55eeb2e1566ffd9faab7b0416d1024768acd507b79b1,,raw/api-tw-item-corrected.body,json_received,id;name;grade;gradeName;icon;level;levelValue;enchantLevel;storable;tradable;tradablePersonal;enchantable;decomposable;maxEnchantLevel;maxExceedEnchantLevel;raceName;classNames;categoryName;type;equipLevel;magicStoneSlotCount;godStoneSlotCount;costumes;subStatCount;subSkillCountMax;subStatRandom;mainStats;subStats;sources;favorite
api-tw-item-from-equipment,https://tw.ncsoft.com/aion2/api/gameconst/item?id=110460008&enchantLevel=0&lang=en,,json,2026-10-02T18:34:16.567196+00:00,,,,,<urlopen error timed out>,,request_failed,
api-tw-item,https://tw.ncsoft.com/aion2/api/gameconst/item?id=110120001&lang=en,,json,2026-10-02T18:24:42.868324+00:00,400,,,,HTTP Error 400: Bad Request,raw/api-tw-item.body,request_failed,
api-tw-ranking,https://tw.ncsoft.com/aion2/api/ranking/list?rankingContentsType=1&rankingType=0&serverId=2004&lang=en,https://tw.ncsoft.com/aion2/api/ranking/list?rankingContentsType=1&rankingType=0&serverId=2004&lang=en,json,2026-10-02T18:34:37.114417+00:00,200,application/json,74,7f0fc41dd7cf1bfc899df200c71d44f773433682757b286072de1e12a70ac8d2,,raw/api-tw-ranking.body,empty_ranking_no_season,friendRankingList;myRanking;rankingList;season
api-tw-search-corrected,https://tw.ncsoft.com/aion2/api/search/character?keyword=fofo&race=2&page=1&size=3,https://tw.ncsoft.com/aion2/api/search/character?keyword=fofo&race=2&page=1&size=3,json,2026-10-02T18:25:31.383731+00:00,200,application/json,915,a9cbf2675aa45b165b8dc1c86426232f02a27a0b71e9f3f59ac0ad929df549c3,,raw/api-tw-search-corrected.body,json_received,list;pagination
api-tw-search-sdk,https://tw.ncsoft.com/aion2/api/search/character?keyword=fofo&page=1&size=3,,json,2026-10-02T18:24:42.197153+00:00,400,,,,HTTP Error 400: Bad Request,raw/api-tw-search-sdk.body,request_failed,
api-tw-search-spec,https://tw.ncsoft.com/aion2/api/search/aion2tw/search/v2/character?keyword=fofo&page=1&size=3,,json,2026-10-02T18:24:42.808003+00:00,404,,,,HTTP Error 404: Not Found,raw/api-tw-search-spec.body,request_failed,
api-tw-servers,https://tw.ncsoft.com/aion2/api/gameinfo/servers?lang=zh,https://tw.ncsoft.com/aion2/api/gameinfo/servers?lang=zh,json,2026-10-02T18:24:42.193219+00:00,200,application/json,2977,1a9f724305ad5340067e3821a58917732e045ef3007adbd9d8e790af25e3695d,,raw/api-tw-servers.body,json_received,serverList
