name,url,domain,public_evidence_date,date_basis,date_source,market,features,monetization,traffic,priority,registration_utc,registration_source,checked_at
Questlog,https://questlog.gg/aion-2/en,questlog.gg,2026-01-10,开发者发布 AION2 Companion 介绍；不是平台创立日期,https://www.reddit.com/r/Aion2/comments/1q9aikc/weve_developed_a_aion_2_companion_website_with/,多游戏；AION2；多语言,配装/技能、Armory、地图、Daevanion、清单、服务器状态、3D外观,实见 Upgrade/Remove Ads/Premium Subscription,2026-08整站估算1.59M visits；AION2分区未知,重点跟踪,,https://rdap.org/domain/questlog.gg,2026-10-03
Shugo,https://shugo.gg/,shugo.gg,2025-12-09,开发者首次介绍帖,https://www.reddit.com/r/Aion2/comments/1pi2bxn/just_created_shugogg_check_your_profile_in_english/,KR/TW起步；开发者现称覆盖5个Global区域,角色/装备/技能、物品库、地图、计时器、样本战力榜,未确认,公开可靠当期估算未取得,重点跟踪,,https://rdap.org/domain/shugo.gg,2026-10-03
AION2 Hub (.com),https://aion2hub.com/,aion2hub.com,,开发者Summer Game Fest介绍帖可证运营；帖子绝对日期未核准,https://www.reddit.com/r/aion/comments/1txgvxg/aion_2_was_just_at_summer_game_fest_if_the/,英语；Global为主,Global客户端数据库、配装、强化、制作、地图、活动、AionFlex链接,实见Creator Spotlight；收费/赞助条款未确认,公开可靠当期估算未取得,重点跟踪,2025-09-06T22:28:02Z,https://rdap.org/domain/aion2hub.com,2026-10-03
Aion2.app / aion2t生态,https://aion2.app/,aion2.app,2026-02-22,开发者介绍帖,https://www.reddit.com/r/Aion2/comments/1rbilp3/aion2app/,英语内容；KR/TW与Global内容并存,制作/技能/Daevanion/地图/排名/数据库；客户端版本拆解,未确认,公开可靠当期估算未取得,重点跟踪,2025-12-26T00:36:48.300Z,https://rdap.org/domain/aion2.app,2026-10-03
DBAion2,https://www.dbaion2.online/en/,dbaion2.online,2026-09-22,站内日志明确宣布dbaion2.ru开放；这里只核到.online镜像注册,https://www.dbaion2.online/en/site-news/,RU/EN；Global客户端,全类数据库、配装/制作/技能、可嵌入tooltip、分享卡、Tracker,PRO订阅；DPS部分免费；主播合作计划,公开可靠当期估算未取得,重点跟踪,2026-09-22T12:11:41.605Z,https://rdap.org/domain/dbaion2.online,2026-10-03
AION 2 Tools,https://aion2.tools/,aion2.tools,2026-09-21,本轮主页可见攻略日期；不能断定首篇或开站,https://aion2.tools/,英语；TW物品/KR强化标注清楚,物品、装备对比、强化预算、技能叠加解释,Account入口实见；收费未确认,公开可靠当期估算未取得,重点跟踪,2026-08-07T17:59:10.26Z,https://rdap.org/domain/aion2.tools,2026-10-03
Atool,https://www.aion2tool.com/,aion2tool.com,2026-04-01,主页本轮可见最早更新日志；不代表起始日期,https://www.aion2tool.com/,韩语为主；KR数据；Global入口,角色统计/样本服务器比较、成长模拟、Daevanion/Arcana/魔石,未确认,HypeStat历史估算2.058M；页面陈旧且月份年份未明；当期未知,区域产品标杆,2025-11-21T04:36:37Z,https://rdap.org/domain/aion2tool.com,2026-10-03
Gamers4 / InteractiveMap生态,https://gamers4.life/aion-2/database/en/tools/,gamers4.life,,2023注册属于多游戏平台；AION2分区开站未知,https://gamers4.life/aion-2/database/en/tools/,多游戏；英语工具；地区需逐项核对,自报33工具；配装/制作/强化/成长；配套interactivemap.app和Discord bot,Support Me/账号；开发者地图帖称免费,公开可靠当期估算未取得,工具深度标杆,2023-08-25T17:41:46.294Z,https://rdap.org/domain/gamers4.life,2026-10-03
Aion2Atlas,https://aion2atlas.com/,aion2atlas.com,2025-11-29,开发者已发布事件计时器；可能更早运营,https://www.reddit.com/r/Aion2/comments/1p9epc1/rift_schedule_event_timer_for_aion_2/,KR/TW时期起步；英语社区,开发者帖可证地图/计时器/外观数据库；当前交互未完整测试,未确认,公开可靠当期估算未取得,地图工具跟踪,2025-11-23T02:43:06Z,https://rdap.org/domain/aion2atlas.com,2026-10-03
Aion2GG,https://aion2gg.com/,aion2gg.com,,首个公开上线日期未取得,https://aion2gg.com/,韩语为主,角色查询；强化/突破模拟；节点优化；副本机制工具,未确认,公开可靠当期估算未取得,区域工具参考,2026-07-23T17:30:03Z,https://rdap.org/domain/aion2gg.com,2026-10-03
Aion2Timers,https://aion2timers.com/,aion2timers.com,2026-09-24,开发者称迁移到此域名完成；旧项目早于注册日,https://www.reddit.com/r/Aion2/comments/1wp1avo/aion_2_timers_update_9242026/,英语；Global活动/时区工具,Rift/event计时、日周清单、弹出/主播显示、Boss beta,捐助；主页称目前无账号/订阅/付费墙，广告是未来计划,公开可靠当期估算未取得,轻量留存参考,2026-09-21T11:46:31Z,https://rdap.org/domain/aion2timers.com,2026-10-03
AION2HUB (.me),https://aion2hub.me/en,aion2hub.me,,主页转载官方旧新闻不能作为本站开站证明；首次上线未知,https://aion2hub.me/en,英语入口；多地区数据需逐项核对,数据库/配装/社区build/计时/地图；自报13018物品48849标记,未确认,公开可靠当期估算未取得,近期新站,2026-09-06T09:26:00.983Z,https://rdap.identitydigital.services/rdap/domain/aion2hub.me,2026-10-03
Elysion,https://www.elysion.quest/,elysion.quest,,首个公开上线日期未取得,https://www.elysion.quest/,AION2 wiki/tools,搜索摘要称技能/节点/事件；当前JS页面功能未完整验证,未确认,公开可靠当期估算未取得,待补充验证,2026-05-12T08:47:46.0Z,https://rdap.org/domain/elysion.quest,2026-10-03
AION2 Guide,https://aion2guide.org/,aion2guide.org,,本轮已在线；首个上线日期未知,https://aion2guide.org/,英语内容站,开服清单/职业/代码/系统/副本；Pagefind；last-verified日期,未确认,公开可靠当期估算未取得,直接内容竞品,2026-09-21T22:46:50.123Z,https://rdap.org/domain/aion2guide.org,2026-10-03
AION 2 Wiki (game),https://aion2game.wiki/,aion2game.wiki,,???????????????,https://aion2game.wiki/,EN/JA/ES/DE等8种语言入口,职业/安装/公测/付费攻略；来源与不确定性提示,实见Advertisement占位；收入未确认,公开可靠当期估算未取得,直接多语言竞品,2026-09-17T16:35:44Z,https://rdap.org/domain/aion2game.wiki,2026-10-03
Aion-Two Wiki,https://aion-two.wiki/,aion-two.wiki,2026-09-20,主页Last reviewed标记；非开站确证,https://aion-two.wiki/,英语内容站,发行/职业/新手/PC条件内容；部分头启动信息落后,实见广告网络链接；收入未确认,公开可靠当期估算未取得,直接内容竞品,2026-09-20T04:06:56Z,https://rdap.org/domain/aion-two.wiki,2026-10-03
Fextralife AION2 Wiki,https://aion2.wiki.fextralife.com/,fextralife.com,,AION2分区创立日期未核到；不以主站时间替代,https://aion2.wiki.fextralife.com/,英语；多游戏Wiki平台,职业/战斗/任务/区域Wiki模板；主页Global发行信息过时,实见Advertising入口；AION2收入未知,2026-08整站估算42.8M visits；AION2分区未知,平台SEO标杆,,,2026-10-03
Inven AION2,https://aion2.inven.co.kr/,inven.co.kr,,AION2分区开设日期未核到,https://aion2.inven.co.kr/,韩语；多游戏媒体社区,新闻/攻略/玩家论坛/职业专区；地区版本不同,媒体社区；AION2收费/收入未核,2026-08整站估算53.98M visits；AION2分区未知,区域情报标杆,,,2026-10-03
Timesaver AION2博客,https://timesaver.gg/blog/aion-2-release-date,timesaver.gg,2026-09-01,本轮发行日文章发布日期；整站自述创立于2024,https://timesaver.gg/blog/aion-2-release-date,英语；多游戏商业网站,发行/职业/新手/会员/服务器等内容集群,主站售卖多游戏服务；未证其AION2服务已开放,公开可靠当期估算未取得,商业内容竞品,,,2026-10-03
