label,url,final_url,kind,retrieved_at_utc,status,content_type,bytes,sha256,error,body_file
aion-two-wiki-home,https://aion-two.wiki/,https://aion-two.wiki/,html,2026-10-02T18:32:40.088523+00:00,200,text/html,53631,d6639ea11bae611dfcdee9723167f9ddecfad4602a24858364e6eadbd06c65b4,,raw/aion-two-wiki-home.body
aion-two-wiki-rdap,https://rdap.org/domain/aion-two.wiki,https://rdap.nic.wiki/domain/aion-two.wiki,rdap,2026-10-02T18:32:40.859117+00:00,200,application/rdap+json,10262,c0df59e8860df291fcec3b0d9e502b269a192bb122a25857462a3eba7cd6f135,,raw/aion-two-wiki-rdap.body
aion-two-wiki-semrush,https://www.semrush.com/website/aion-two.wiki/overview/,,html,2026-10-02T18:32:41.309431+00:00,404,,,,HTTP Error 404: Not Found,raw/aion-two-wiki-semrush.body
aion2-app-home,https://aion2.app/,https://aion2.app/,html,2026-10-02T18:20:01.428808+00:00,200,text/html; charset=utf-8,79633,259c319cb9d834e0c202ab4fa6e212f8ac13718502ed349c49541c91eadf529e,,raw/aion2-app-home.body
aion2-app-rdap,https://rdap.org/domain/aion2.app,https://pubapi.registry.google/rdap/domain/aion2.app,rdap,2026-10-02T18:20:01.652027+00:00,200,application/rdap+json; charset=utf-8,5786,2d00351da62b3e2acdd601e8fbd5d2a47609652de03194074b9db4d99317fee4,,raw/aion2-app-rdap.body
aion2-app-semrush,https://www.semrush.com/website/aion2.app/overview/,,html,2026-10-02T18:20:24.868896+00:00,404,,,,HTTP Error 404: Not Found,raw/aion2-app-semrush.body
aion2-app-wayback,https://web.archive.org/cdx/search/cdx?url=aion2.app/*&output=json&filter=statuscode:200&filter=mimetype:text/html&collapse=timestamp:4&limit=1&filter=!warc/revisit,,wayback,2026-10-02T18:20:59.044673+00:00,400,,,,HTTP Error 400: BAD REQUEST,raw/aion2-app-wayback.body
aion2-tools-home,https://aion2.tools/,https://aion2.tools/,html,2026-10-02T18:20:03.158092+00:00,200,text/html; charset=utf-8,63512,2f813ab372732c3d171500e7e1a7c23c278604bc70192bef5637f4b6b98a8721,,raw/aion2-tools-home.body
aion2-tools-rdap,https://rdap.org/domain/aion2.tools,https://rdap.identitydigital.services/rdap/domain/aion2.tools,rdap,2026-10-02T18:20:03.681320+00:00,200,application/rdap+json,7601,9a49bf3232d585defe243672a2a32462cff6c6b8d6d6f1d47dc553a75d0051a8,,raw/aion2-tools-rdap.body
aion2-tools-semrush,https://www.semrush.com/website/aion2.tools/overview/,,html,2026-10-02T18:20:26.082399+00:00,404,,,,HTTP Error 404: Not Found,raw/aion2-tools-semrush.body
aion2-tools-wayback,https://web.archive.org/cdx/search/cdx?url=aion2.tools/*&output=json&filter=statuscode:200&filter=mimetype:text/html&collapse=timestamp:4&limit=1&filter=!warc/revisit,,wayback,2026-10-02T18:20:59.139694+00:00,400,,,,HTTP Error 400: BAD REQUEST,raw/aion2-tools-wayback.body
aion2app-hypestat,https://hypestat.com/info/aion2.app,https://hypestat.com/info/aion2.app,html,2026-10-02T18:32:46.626208+00:00,200,text/html; charset=UTF-8,24094,1ee9e9a1cb514e50224c163db142de2a20296c244037bd31ba4253447c136a39,,raw/aion2app-hypestat.body
aion2app-launch-reddit,https://www.reddit.com/r/Aion2/comments/1rbilp3/aion2app/,https://www.reddit.com/r/Aion2/comments/1rbilp3/aion2app/,html,2026-10-02T18:32:40.141453+00:00,200,text/html,8431,e39926d6ef2456cbd956620760094384625385040d077a29852162c8673b95d2,,raw/aion2app-launch-reddit.body
aion2atlas-com-home,https://aion2atlas.com/,https://aion2atlas.com/,html,2026-10-02T18:20:01.873023+00:00,200,text/html;charset=utf-8,111038,c457e87caab36093e617713a3b93116c8098308fc4867dece8f1493ca60b68de,,raw/aion2atlas-com-home.body
aion2atlas-com-rdap,https://rdap.org/domain/aion2atlas.com,https://rdap.verisign.com/com/v1/domain/aion2atlas.com,rdap,2026-10-02T18:20:02.695523+00:00,200,application/rdap+json,2627,d17ac0f4b339df7477eaae4e5ecbc5c73f140b9bb5775dd6dea73f818dbdb738,,raw/aion2atlas-com-rdap.body
aion2atlas-com-semrush,https://www.semrush.com/website/aion2atlas.com/overview/,,html,2026-10-02T18:20:25.373046+00:00,404,,,,HTTP Error 404: Not Found,raw/aion2atlas-com-semrush.body
aion2atlas-com-wayback,https://web.archive.org/cdx/search/cdx?url=aion2atlas.com/*&output=json&filter=statuscode:200&filter=mimetype:text/html&collapse=timestamp:4&limit=1&filter=!warc/revisit,,wayback,2026-10-02T18:20:59.044673+00:00,400,,,,HTTP Error 400: BAD REQUEST,raw/aion2atlas-com-wayback.body
aion2atlas-hypestat,https://hypestat.com/info/aion2atlas.com,https://hypestat.com/info/aion2atlas.com,html,2026-10-02T18:32:46.553358+00:00,200,text/html; charset=UTF-8,24215,60a4fbd9e845714633f64ec5a9a61bc45b619b2d70c2ca7308b769e87f6a200d,,raw/aion2atlas-hypestat.body
aion2game-wiki-home,https://aion2game.wiki/,https://aion2game.wiki/,html,2026-10-02T18:32:41.771847+00:00,200,text/html; charset=utf-8,83554,087e351ea6a6faf7eec53b979596864fcd10147d179159c7f3e5abd021f9de13,,raw/aion2game-wiki-home.body
aion2game-wiki-rdap,https://rdap.org/domain/aion2game.wiki,https://rdap.nic.wiki/domain/aion2game.wiki,rdap,2026-10-02T18:32:42.360807+00:00,200,application/rdap+json,9144,abe2c9c0f83ebdce4d84acb4870e94addaa4a3ba001b461298a64869d0b51f0e,,raw/aion2game-wiki-rdap.body
aion2game-wiki-semrush,https://www.semrush.com/website/aion2game.wiki/overview/,,html,2026-10-02T18:32:42.886351+00:00,404,,,,HTTP Error 404: Not Found,raw/aion2game-wiki-semrush.body
aion2gg-com-home,https://aion2gg.com/,https://aion2gg.com/,html,2026-10-02T18:20:06.397753+00:00,200,text/html; charset=utf-8,21016,7bce1501e801a0e9a319577db7da48d0aaa6ca9689f04b5290850abfefff06d2,,raw/aion2gg-com-home.body
aion2gg-com-rdap,https://rdap.org/domain/aion2gg.com,https://rdap.verisign.com/com/v1/domain/aion2gg.com,rdap,2026-10-02T18:20:06.606588+00:00,200,application/rdap+json,2597,9fe84bea39feaa17066bb9ce7b76f2f4dbd50e03813c1f3d8ed5a45db16567b1,,raw/aion2gg-com-rdap.body
aion2gg-com-semrush,https://www.semrush.com/website/aion2gg.com/overview/,,html,2026-10-02T18:20:29.286131+00:00,404,,,,HTTP Error 404: Not Found,raw/aion2gg-com-semrush.body
aion2gg-com-wayback,https://web.archive.org/cdx/search/cdx?url=aion2gg.com/*&output=json&filter=statuscode:200&filter=mimetype:text/html&collapse=timestamp:4&limit=1&filter=!warc/revisit,,wayback,2026-10-02T18:21:00.826637+00:00,400,,,,HTTP Error 400: BAD REQUEST,raw/aion2gg-com-wayback.body
aion2gg-hypestat,https://hypestat.com/info/aion2gg.com,https://hypestat.com/info/aion2gg.com,html,2026-10-02T18:32:47.705833+00:00,200,text/html; charset=UTF-8,24108,6f0d62ad7f6ef532c04aa4fed5d6c7eaf08f9709f681d247b2a12ebd3490ceeb,,raw/aion2gg-hypestat.body
aion2guide-hypestat,https://hypestat.com/info/aion2guide.org,https://hypestat.com/info/aion2guide.org,html,2026-10-02T18:32:47.909583+00:00,200,text/html; charset=UTF-8,24138,2563cc966cb34baa8c69bb35362af8eb87cb375ec18775b09e5737c6bd98e1a1,,raw/aion2guide-hypestat.body
aion2guide-org-home,https://aion2guide.org/,https://aion2guide.org/,html,2026-10-02T18:32:40.088523+00:00,200,text/html; charset=utf-8,48579,4684cd0e1c78276790d9760240e0d5a9cfc57662c6d845a7949b74dc6eec0067,,raw/aion2guide-org-home.body
aion2guide-org-rdap,https://rdap.org/domain/aion2guide.org,https://rdap.publicinterestregistry.org/rdap/domain/aion2guide.org,rdap,2026-10-02T18:32:40.088523+00:00,200,application/rdap+json,7287,1a687f14284a9eea2a3b16590aa0884561588ae2a289c537f0d75fa3c9cb3a18,,raw/aion2guide-org-rdap.body
aion2guide-org-semrush,https://www.semrush.com/website/aion2guide.org/overview/,,html,2026-10-02T18:32:40.088523+00:00,404,,,,HTTP Error 404: Not Found,raw/aion2guide-org-semrush.body
aion2hub-com-home,https://aion2hub.com/,https://aion2hub.com/,html,2026-10-02T18:20:00.502861+00:00,200,text/html; charset=utf-8,191776,7a008e5ab30e563634b2bee147c72d0201cb6707959ea3192077ce01bc638185,,raw/aion2hub-com-home.body
aion2hub-com-rdap,https://rdap.org/domain/aion2hub.com,https://rdap.verisign.com/com/v1/domain/aion2hub.com,rdap,2026-10-02T18:20:00.529922+00:00,200,application/rdap+json,2741,ccd463fdde0ff5079d38b07df5a718b514d8163292a08908a150973408ef766f,,raw/aion2hub-com-rdap.body
aion2hub-com-semrush,https://www.semrush.com/website/aion2hub.com/overview/,,html,2026-10-02T18:20:23.316820+00:00,404,,,,HTTP Error 404: Not Found,raw/aion2hub-com-semrush.body
aion2hub-com-wayback,https://web.archive.org/cdx/search/cdx?url=aion2hub.com/*&output=json&filter=statuscode:200&filter=mimetype:text/html&collapse=timestamp:4&limit=1&filter=!warc/revisit,,wayback,2026-10-02T18:20:57.936238+00:00,400,,,,HTTP Error 400: BAD REQUEST,raw/aion2hub-com-wayback.body
aion2hub-hypestat,https://hypestat.com/info/aion2hub.com,https://hypestat.com/info/aion2hub.com,html,2026-10-02T18:32:47.218954+00:00,200,text/html; charset=UTF-8,24173,c07c5fb5d49f8b795740380c40d8c4734174146b5cec9cef705d8788bd4bf18d,,raw/aion2hub-hypestat.body
aion2hub-me-en,https://aion2hub.me/en,https://aion2hub.me/en,html,2026-10-02T18:23:11.450190+00:00,200,text/html;charset=UTF-8,163686,1c9a9f5ae9c0244c944890335f4e3e5913eea8bfaa5d6d6740fbcf9b0ba312ea,,raw/aion2hub-me-en.body
aion2hub-me-home,https://aion2hub.me/,https://aion2hub.me/en,html,2026-10-02T18:20:01.283630+00:00,200,text/html;charset=UTF-8,163686,fdd744b7215d2dc28b312233b5e7eac5838d32fa914288e3cc082f27c30eb8c4,,raw/aion2hub-me-home.body
aion2hub-me-rdap-official,https://rdap.identitydigital.services/rdap/domain/aion2hub.me,https://rdap.identitydigital.services/rdap/domain/aion2hub.me,rdap,2026-10-02T18:32:48.887621+00:00,200,application/rdap+json,10198,850270ef2318a98952cca01342c02a4dd461dc86a5dd0799259cad20436d9aaa,,raw/aion2hub-me-rdap-official.body
aion2hub-me-rdap,https://rdap.org/domain/aion2hub.me,,rdap,2026-10-02T18:20:01.336691+00:00,404,,,,HTTP Error 404: Not Found,raw/aion2hub-me-rdap.body
aion2hub-me-semrush,https://www.semrush.com/website/aion2hub.me/overview/,,html,2026-10-02T18:20:23.763787+00:00,404,,,,HTTP Error 404: Not Found,raw/aion2hub-me-semrush.body
aion2hub-me-wayback,https://web.archive.org/cdx/search/cdx?url=aion2hub.me/*&output=json&filter=statuscode:200&filter=mimetype:text/html&collapse=timestamp:4&limit=1&filter=!warc/revisit,,wayback,2026-10-02T18:20:57.936238+00:00,400,,,,HTTP Error 400: BAD REQUEST,raw/aion2hub-me-wayback.body
aion2timers-com-home,https://aion2timers.com/,https://www.aion2timers.com/,html,2026-10-02T18:20:05.829453+00:00,200,text/html; charset=utf-8,438807,84ddf992d52ca19bb6dd3a3b99e0961c95a32f3b50295393494c4f67383f15db,,raw/aion2timers-com-home.body
aion2timers-com-rdap,https://rdap.org/domain/aion2timers.com,https://rdap.verisign.com/com/v1/domain/aion2timers.com,rdap,2026-10-02T18:20:06.377239+00:00,200,application/rdap+json,2612,7c6c7afc1dd0a2d1ef9a45511f9ebc01dd3aba29a0b24154116a1468c74d31dd,,raw/aion2timers-com-rdap.body
aion2timers-com-semrush,https://www.semrush.com/website/aion2timers.com/overview/,,html,2026-10-02T18:20:28.037287+00:00,404,,,,HTTP Error 404: Not Found,raw/aion2timers-com-semrush.body
aion2timers-com-wayback,https://web.archive.org/cdx/search/cdx?url=aion2timers.com/*&output=json&filter=statuscode:200&filter=mimetype:text/html&collapse=timestamp:4&limit=1&filter=!warc/revisit,,wayback,2026-10-02T18:21:00.029837+00:00,400,,,,HTTP Error 400: BAD REQUEST,raw/aion2timers-com-wayback.body
aion2tool-com-home,https://www.aion2tool.com/,https://www.aion2tool.com/,html,2026-10-02T18:23:10.082253+00:00,200,text/html; charset=utf-8,2683949,b0795140fb25d166e17883f164b3c49458fff867c5b122fe7a184ab67ce0b678,,raw/aion2tool-com-home.body
aion2tool-com-rdap,https://rdap.org/domain/aion2tool.com,https://rdap.verisign.com/com/v1/domain/aion2tool.com,rdap,2026-10-02T18:23:10.105567+00:00,200,application/rdap+json,2574,64e3e7a2341389fc2f61db1d69e2e8fdb63211b08d561b1511e1df95d56e6b09,,raw/aion2tool-com-rdap.body
aion2tool-com-semrush,https://www.semrush.com/website/aion2tool.com/overview/,,html,2026-10-02T18:23:10.625075+00:00,404,,,,HTTP Error 404: Not Found,raw/aion2tool-com-semrush.body
aion2tool-hypestat,https://hypestat.com/info/aion2tool.com,,html,2026-10-02T18:32:45.723294+00:00,,,,,<urlopen error timed out>,
api-global-eu-board-detail,https://aion2.plaync.com/api/character/daevanion/detail?characterId=WXUNNknM-mlwfJT7-1NEuwDBIveZJdhp1LmZnc6-QTY%3D&serverId=1306&lang=en-US&region=eu&boardId=11,https://aion2.plaync.com/api/character/daevanion/detail?characterId=WXUNNknM-mlwfJT7-1NEuwDBIveZJdhp1LmZnc6-QTY%3D&serverId=1306&lang=en-US&region=eu&boardId=11,json,2026-10-02T18:34:11.518078+00:00,200,application/json,40595,6432498e803c42cc4b33ff021c702c107a196c55839b3f90841ff027cf6209f1,,raw/api-global-eu-board-detail.body
api-global-eu-classes,https://aion2.plaync.com/en-us/api/gameinfo/classes?lang=en-US&region=eu,https://aion2.plaync.com/en-us/api/gameinfo/classes?lang=en-US&region=eu,json,2026-10-02T18:24:43.390053+00:00,200,application/json,373,570b822637aa00ca1a6e05c9e73881d77ade6a9ab6e6c01d6489195c162dd54e,,raw/api-global-eu-classes.body
api-global-eu-equipment,https://aion2.plaync.com/api/character/equipment?characterId=WXUNNknM-mlwfJT7-1NEuwDBIveZJdhp1LmZnc6-QTY%3D&serverId=1306&lang=en-US&region=eu,https://aion2.plaync.com/api/character/equipment?characterId=WXUNNknM-mlwfJT7-1NEuwDBIveZJdhp1LmZnc6-QTY%3D&serverId=1306&lang=en-US&region=eu,json,2026-10-02T18:25:38.602776+00:00,200,application/json,7725,7b695dcd70734a0a0b4d7a4578589afdd93f896fd52b9440918004fa144dfa08,,raw/api-global-eu-equipment.body
api-global-eu-equipped-item-detail,https://aion2.plaync.com/api/character/equipment/item?characterId=WXUNNknM-mlwfJT7-1NEuwDBIveZJdhp1LmZnc6-QTY%3D&serverId=1306&lang=en-US&region=eu&id=110160001&enchantLevel=0&slotPos=1,https://aion2.plaync.com/api/character/equipment/item?characterId=WXUNNknM-mlwfJT7-1NEuwDBIveZJdhp1LmZnc6-QTY%3D&serverId=1306&lang=en-US&region=eu&id=110160001&enchantLevel=0&slotPos=1,json,2026-10-02T18:34:09.973433+00:00,200,application/json,956,99d2b2af21f760e51798f625faf373ae262e49770fdd226169201d25d44ec931,,raw/api-global-eu-equipped-item-detail.body
api-global-eu-info,https://aion2.plaync.com/api/character/info?characterId=WXUNNknM-mlwfJT7-1NEuwDBIveZJdhp1LmZnc6-QTY%3D&serverId=1306&lang=en-US&region=eu,https://aion2.plaync.com/api/character/info?characterId=WXUNNknM-mlwfJT7-1NEuwDBIveZJdhp1LmZnc6-QTY%3D&serverId=1306&lang=en-US&region=eu,json,2026-10-02T18:25:36.475128+00:00,200,application/json,3173,b80160c8590592e5e8d3edf0d868849cdadb81bbf79a8e5d0cb461c5c0402708,,raw/api-global-eu-info.body
api-global-eu-item-corrected,https://aion2.plaync.com/en-us/api/gameconst/item?id=110120001&enchantLevel=0&lang=en-US&region=eu,https://aion2.plaync.com/en-us/api/gameconst/item?id=110120001&enchantLevel=0&lang=en-US&region=eu,json,2026-10-02T18:25:32.027092+00:00,200,application/json,242,88e527ca015a9537c405698a6e2a8e76a045ffa43391a44f92c80626fdf6c987,,raw/api-global-eu-item-corrected.body
api-global-eu-item-from-equipment,https://aion2.plaync.com/en-us/api/gameconst/item?id=110160001&enchantLevel=0&lang=en-US,https://aion2.plaync.com/en-us/api/gameconst/item?id=110160001&enchantLevel=0&lang=en-US,json,2026-10-02T18:34:08.751418+00:00,200,application/json,935,c2feb8963999ac4734cd27a03dad73b9263e3275964d9af40b190ae40a7d824a,,raw/api-global-eu-item-from-equipment.body
api-global-eu-item,https://aion2.plaync.com/en-us/api/gameconst/item?id=110120001&lang=en-US&region=eu,,json,2026-10-02T18:24:44.520389+00:00,400,,,,HTTP Error 400: Bad Request,raw/api-global-eu-item.body
api-global-eu-ranking,https://aion2.plaync.com/api/ranking/list?rankingContentsType=1&rankingType=0&serverId=1306&lang=en-US&region=eu,https://aion2.plaync.com/api/ranking/list?rankingContentsType=1&rankingType=0&serverId=1306&lang=en-US&region=eu,json,2026-10-02T18:34:12.970101+00:00,200,application/json,74,7f0fc41dd7cf1bfc899df200c71d44f773433682757b286072de1e12a70ac8d2,,raw/api-global-eu-ranking.body
api-global-eu-search-corrected,https://api-search.plaync.com/aion2global/search/v2/character?keyword=a&page=1&size=3&localeInfo=en-US&region=eu,https://api-search.plaync.com/aion2global/search/v2/character?keyword=a&page=1&size=3&localeInfo=en-US&region=eu,json,2026-10-02T18:25:31.384291+00:00,200,application/json,913,ced988186e12d0f8d1c40ee6c3cd676c7dc6b6104aa9cb2999f84988b6d25e4e,,raw/api-global-eu-search-corrected.body
api-global-eu-search,https://api-search.plaync.com/aion2global/search/v2/character?keyword=a&page=1&size=3&lang=en-US&region=eu,,json,2026-10-02T18:24:43.934003+00:00,400,,,,HTTP Error 400: Bad Request,raw/api-global-eu-search.body
api-global-eu-servers,https://aion2.plaync.com/en-us/api/gameinfo/servers?lang=en-US&region=eu,https://aion2.plaync.com/en-us/api/gameinfo/servers?lang=en-US&region=eu,json,2026-10-02T18:24:43.378347+00:00,200,application/json,1384,f9b8b4651965d4f1b5abe128de4087ff10a0581f0992abb896bb0f75978258b4,,raw/api-global-eu-servers.body
api-global-item-de-de,https://aion2.plaync.com/de-de/api/gameconst/item?id=110160001&enchantLevel=0&lang=de-DE,https://aion2.plaync.com/de-de/api/gameconst/item?id=110160001&enchantLevel=0&lang=de-DE,json,2026-10-02T18:34:14.156260+00:00,200,application/json,971,9d915fe8abfd4edb4de68889df8ed6422fabecf420a3d4b3a0b94abeb9062a0e,,raw/api-global-item-de-de.body
api-global-item-es-es,https://aion2.plaync.com/es-es/api/gameconst/item?id=110160001&enchantLevel=0&lang=es-ES,https://aion2.plaync.com/es-es/api/gameconst/item?id=110160001&enchantLevel=0&lang=es-ES,json,2026-10-02T18:34:14.745638+00:00,200,application/json,932,12e8bd7294827e61638cf3993c7e6d13c6cf354b0c0aa7a81db1bd54447d0acf,,raw/api-global-item-es-es.body
api-global-item-ja-jp,https://aion2.plaync.com/ja-jp/api/gameconst/item?id=110160001&enchantLevel=0&lang=ja-JP,https://aion2.plaync.com/ja-jp/api/gameconst/item?id=110160001&enchantLevel=0&lang=ja-JP,json,2026-10-02T18:34:15.326652+00:00,200,application/json,1005,8b6485aa042943d0caa6acb6df08d3dcb4a316ca22efc6cbb6851bd1fad020aa,,raw/api-global-item-ja-jp.body
api-kr-search,https://aion2.plaync.com/api/search/character?keyword=a&page=1&size=3,https://www.plaync.com/error/404,json,2026-10-02T18:24:44.953404+00:00,200,text/html;charset=UTF-8,2080,356b8b4e35dd77c7be73cda3c2990ddfa1363606ded81957165172373695435a,Expecting value: line 1 column 1 (char 0),raw/api-kr-search.body
api-kr-servers,https://aion2.plaync.com/api/gameinfo/servers?lang=ko,https://www.plaync.com/error/404,json,2026-10-02T18:24:44.579201+00:00,200,text/html;charset=UTF-8,2080,356b8b4e35dd77c7be73cda3c2990ddfa1363606ded81957165172373695435a,Expecting value: line 1 column 1 (char 0),raw/api-kr-servers.body
api-tw-board-detail,https://tw.ncsoft.com/aion2/api/character/daevanion/detail?characterId=8uG90RpNbMFNJtZ0BKzyZb01ISAg2X790HxK1Dp82Rw%3D&serverId=2004&lang=en&boardId=31,https://tw.ncsoft.com/aion2/api/character/daevanion/detail?characterId=8uG90RpNbMFNJtZ0BKzyZb01ISAg2X790HxK1Dp82Rw%3D&serverId=2004&lang=en&boardId=31,json,2026-10-02T18:34:35.850801+00:00,200,application/json,49553,da2f6eb1ebe013493170079c0f0c33a135fcba6000b1988491e5c4e13290f4c7,,raw/api-tw-board-detail.body
api-tw-catalog-localized,https://tw.ncsoft.com/aion2_tw/v2.0/dict/search/item?page=1&size=3&locale=zh-TW,https://tw.ncsoft.com/aion2_tw/v2.0/dict/search/item?page=1&size=3&locale=zh-TW,json,2026-10-02T18:25:32.040010+00:00,200,application/json,983,ce8a09e9f0ac295f7422c6a87414d32e0f42eeaec9d3069cc449a8fcf34a4c23,,raw/api-tw-catalog-localized.body
api-tw-catalog,https://tw.ncsoft.com/aion2_tw/v2.0/dict/search/item?page=1&size=3,https://tw.ncsoft.com/aion2_tw/v2.0/dict/search/item?page=1&size=3,json,2026-10-02T18:24:42.984489+00:00,200,application/json,1008,6d4ce71e25b421c8a816ed6e330c0753f369ef2b3e8b7dc6eb7b41a7b61d27e7,,raw/api-tw-catalog.body
api-tw-classes,https://tw.ncsoft.com/aion2/api/gameinfo/classes?lang=en,https://tw.ncsoft.com/aion2/api/gameinfo/classes?lang=en,json,2026-10-02T18:24:42.193219+00:00,200,application/json,417,4c3fca0b0266df774ad4adfb2b0f67f5464aa3fa69e37dc80dee94b03ff5d9af,,raw/api-tw-classes.body
api-tw-equipment,https://tw.ncsoft.com/aion2/api/character/equipment?characterId=8uG90RpNbMFNJtZ0BKzyZb01ISAg2X790HxK1Dp82Rw%3D&serverId=2004&lang=en,https://tw.ncsoft.com/aion2/api/character/equipment?characterId=8uG90RpNbMFNJtZ0BKzyZb01ISAg2X790HxK1Dp82Rw%3D&serverId=2004&lang=en,json,2026-10-02T18:25:34.838016+00:00,200,application/json,7682,19149bc285542d95bafcff9f9f835c366e9521716687bee5771351db0313b8e3,,raw/api-tw-equipment.body
api-tw-equipped-item-detail,https://tw.ncsoft.com/aion2/api/character/equipment/item?characterId=8uG90RpNbMFNJtZ0BKzyZb01ISAg2X790HxK1Dp82Rw%3D&serverId=2004&lang=en&id=110460008&enchantLevel=0&slotPos=1,https://tw.ncsoft.com/aion2/api/character/equipment/item?characterId=8uG90RpNbMFNJtZ0BKzyZb01ISAg2X790HxK1Dp82Rw%3D&serverId=2004&lang=en&id=110460008&enchantLevel=0&slotPos=1,json,2026-10-02T18:34:34.598283+00:00,200,application/json,858,f9aba2ee7bdf726581608753366b7405a8dcc72fdda9e8394466779b76e513be,,raw/api-tw-equipped-item-detail.body
api-tw-info,https://tw.ncsoft.com/aion2/api/character/info?characterId=8uG90RpNbMFNJtZ0BKzyZb01ISAg2X790HxK1Dp82Rw%3D&serverId=2004&lang=en,https://tw.ncsoft.com/aion2/api/character/info?characterId=8uG90RpNbMFNJtZ0BKzyZb01ISAg2X790HxK1Dp82Rw%3D&serverId=2004&lang=en,json,2026-10-02T18:25:33.200275+00:00,200,application/json,3728,58c7c34ca46bfa6e3850e31fefe16a85b68621bc1f87904f7739fbc7d1715ce3,,raw/api-tw-info.body
api-tw-item-corrected,https://tw.ncsoft.com/aion2/api/gameconst/item?id=110120001&enchantLevel=0&lang=en,https://tw.ncsoft.com/aion2/api/gameconst/item?id=110120001&enchantLevel=0&lang=en,json,2026-10-02T18:25:31.384840+00:00,200,application/json,2288,1938d1b294090fe51dcf55eeb2e1566ffd9faab7b0416d1024768acd507b79b1,,raw/api-tw-item-corrected.body
api-tw-item-from-equipment,https://tw.ncsoft.com/aion2/api/gameconst/item?id=110460008&enchantLevel=0&lang=en,,json,2026-10-02T18:34:16.567196+00:00,,,,,<urlopen error timed out>,
api-tw-item,https://tw.ncsoft.com/aion2/api/gameconst/item?id=110120001&lang=en,,json,2026-10-02T18:24:42.868324+00:00,400,,,,HTTP Error 400: Bad Request,raw/api-tw-item.body
api-tw-ranking,https://tw.ncsoft.com/aion2/api/ranking/list?rankingContentsType=1&rankingType=0&serverId=2004&lang=en,https://tw.ncsoft.com/aion2/api/ranking/list?rankingContentsType=1&rankingType=0&serverId=2004&lang=en,json,2026-10-02T18:34:37.114417+00:00,200,application/json,74,7f0fc41dd7cf1bfc899df200c71d44f773433682757b286072de1e12a70ac8d2,,raw/api-tw-ranking.body
api-tw-search-corrected,https://tw.ncsoft.com/aion2/api/search/character?keyword=fofo&race=2&page=1&size=3,https://tw.ncsoft.com/aion2/api/search/character?keyword=fofo&race=2&page=1&size=3,json,2026-10-02T18:25:31.383731+00:00,200,application/json,915,a9cbf2675aa45b165b8dc1c86426232f02a27a0b71e9f3f59ac0ad929df549c3,,raw/api-tw-search-corrected.body
api-tw-search-sdk,https://tw.ncsoft.com/aion2/api/search/character?keyword=fofo&page=1&size=3,,json,2026-10-02T18:24:42.197153+00:00,400,,,,HTTP Error 400: Bad Request,raw/api-tw-search-sdk.body
api-tw-search-spec,https://tw.ncsoft.com/aion2/api/search/aion2tw/search/v2/character?keyword=fofo&page=1&size=3,,json,2026-10-02T18:24:42.808003+00:00,404,,,,HTTP Error 404: Not Found,raw/api-tw-search-spec.body
api-tw-servers,https://tw.ncsoft.com/aion2/api/gameinfo/servers?lang=zh,https://tw.ncsoft.com/aion2/api/gameinfo/servers?lang=zh,json,2026-10-02T18:24:42.193219+00:00,200,application/json,2977,1a9f724305ad5340067e3821a58917732e045ef3007adbd9d8e790af25e3695d,,raw/api-tw-servers.body
atlas-launch-reddit,https://www.reddit.com/r/Aion2/comments/1p9epc1/rift_schedule_event_timer_for_aion_2/,https://www.reddit.com/r/Aion2/comments/1p9epc1/rift_schedule_event_timer_for_aion_2/,html,2026-10-02T18:32:40.141453+00:00,200,text/html,8459,08b17d2fd14f2b97eed94f9f4559cc2a10a49edc35b8a3237abfc8f747cec6dc,,raw/atlas-launch-reddit.body
atool-kr-home,https://atool.kr/,https://atool.kr/,html,2026-10-02T18:20:07.580336+00:00,200,text/html; charset=UTF-8,70987,7926aac20f4be4215473efbee4a005c3427b2b7a53c3394c57fc959abdd38401,,raw/atool-kr-home.body
atool-kr-rdap,https://rdap.org/domain/atool.kr,,rdap,2026-10-02T18:20:08.373012+00:00,429,,,,HTTP Error 429: Too Many Requests,raw/atool-kr-rdap.body
atool-kr-semrush,https://www.semrush.com/website/atool.kr/overview/,,html,2026-10-02T18:20:30.534151+00:00,404,,,,HTTP Error 404: Not Found,raw/atool-kr-semrush.body
atool-kr-wayback,https://web.archive.org/cdx/search/cdx?url=atool.kr/*&output=json&filter=statuscode:200&filter=mimetype:text/html&collapse=timestamp:4&limit=1&filter=!warc/revisit,,wayback,2026-10-02T18:21:00.860175+00:00,400,,,,HTTP Error 400: BAD REQUEST,raw/atool-kr-wayback.body
dbaion2-online-home,https://dbaion2.online/,https://dbaion2.online/,html,2026-10-02T18:20:03.773979+00:00,200,text/html; charset=utf-8,175578,a0f7e8d694a25b310c9e196d92c427b5d0c38b9d06509f7971e5ac15fa09a06d,,raw/dbaion2-online-home.body
dbaion2-online-rdap,https://rdap.org/domain/dbaion2.online,https://rdap.radix.host/rdap/domain/dbaion2.online,rdap,2026-10-02T18:20:04.225358+00:00,200,application/rdap+json; charset=UTF-8,5126,59e018424ee7b320fd778437d5877d9d662a8be447954d8566a777eb5f4e6a11,,raw/dbaion2-online-rdap.body
dbaion2-online-semrush,https://www.semrush.com/website/dbaion2.online/overview/,,html,2026-10-02T18:20:27.098425+00:00,404,,,,HTTP Error 404: Not Found,raw/dbaion2-online-semrush.body
dbaion2-online-wayback,https://web.archive.org/cdx/search/cdx?url=dbaion2.online/*&output=json&filter=statuscode:200&filter=mimetype:text/html&collapse=timestamp:4&limit=1&filter=!warc/revisit,,wayback,2026-10-02T18:20:59.843305+00:00,400,,,,HTTP Error 400: BAD REQUEST,raw/dbaion2-online-wayback.body
dbaion2-site-news,https://www.dbaion2.online/en/site-news/,https://www.dbaion2.online/en/site-news/,html,2026-10-02T18:23:10.663520+00:00,200,text/html; charset=utf-8,91686,48a42362eb39cde695d855ddb1b4c3d8026aaa460a772f6d7b20fdbbdd644df2,,raw/dbaion2-site-news.body
developer-portal,https://developers.plaync.com/,https://developers.plaync.com/,html,2026-10-02T18:23:10.080244+00:00,200,text/html;charset=UTF-8,3160,239bb6157f55ffbe24303460d0ba21ab1b142dc5235f95a688d9d50e7d85ec37,,raw/developer-portal.body
elysion-home-retry,https://www.elysion.quest/,https://www.elysion.quest/,html,2026-10-02T18:32:48.397678+00:00,200,text/html; charset=utf-8,5829,c3f2d117cef9daa3f8188eb0de5ead73c6943d2f2d1a65e1e68cb34e89bf37dd,,raw/elysion-home-retry.body
elysion-quest-home,https://elysion.quest/,,html,2026-10-02T18:20:07.342481+00:00,,,,,<urlopen error timed out>,
elysion-quest-rdap,https://rdap.org/domain/elysion.quest,https://rdap.centralnic.com/quest/domain/elysion.quest,rdap,2026-10-02T18:20:07.362343+00:00,200,application/rdap+json,4833,92c54172ff1085c5de56cb1c8060b31d03bef0f123481595e62b08d861291e4c,,raw/elysion-quest-rdap.body
elysion-quest-semrush,https://www.semrush.com/website/elysion.quest/overview/,,html,2026-10-02T18:20:29.626981+00:00,404,,,,HTTP Error 404: Not Found,raw/elysion-quest-semrush.body
elysion-quest-wayback,https://web.archive.org/cdx/search/cdx?url=elysion.quest/*&output=json&filter=statuscode:200&filter=mimetype:text/html&collapse=timestamp:4&limit=1&filter=!warc/revisit,,wayback,2026-10-02T18:21:00.826637+00:00,400,,,,HTTP Error 400: BAD REQUEST,raw/elysion-quest-wayback.body
fextralife-aion2-home,https://aion2.wiki.fextralife.com/,https://aion2.wiki.fextralife.com/Aion_2,html,2026-10-02T18:32:43.809487+00:00,200,text/html; charset=UTF-8,77832,0bfc59ff8c8f4aec6bfbb5add669ee5b3c0bf9367ea4037c565f2af39ed456ba,,raw/fextralife-aion2-home.body
fextralife-com-semrush,https://www.semrush.com/website/fextralife.com/overview/,https://www.semrush.com/website/fextralife.com/overview/,html,2026-10-02T18:32:43.901202+00:00,200,text/html; charset=utf-8,439439,3ec9363f74c7a8256e3cc428c49b8c18ff57e0387879a3e2ffe18d8ab95424bb,,raw/fextralife-com-semrush.body
gamers4-life-home,https://gamers4.life/aion-2/database/en/,https://gamers4.life/aion-2/database/en/,html,2026-10-02T18:20:04.919281+00:00,200,text/html,118750,c3b3a1b337a541139b706b03ba436f62359d12d5595438001b143ffb49f34adb,,raw/gamers4-life-home.body
gamers4-life-rdap,https://rdap.org/domain/gamers4.life,https://rdap.identitydigital.services/rdap/domain/gamers4.life,rdap,2026-10-02T18:20:05.355277+00:00,200,application/rdap+json,7588,5d7c878e2d8b3b166912b2cf2bf241cbcb8a48d881e080fbf3ed037d46d4c88f,,raw/gamers4-life-rdap.body
gamers4-life-semrush,https://www.semrush.com/website/gamers4.life/overview/,,html,2026-10-02T18:20:27.644451+00:00,404,,,,HTTP Error 404: Not Found,raw/gamers4-life-semrush.body
gamers4-life-wayback,https://web.archive.org/cdx/search/cdx?url=gamers4.life/*&output=json&filter=statuscode:200&filter=mimetype:text/html&collapse=timestamp:4&limit=1&filter=!warc/revisit,,wayback,2026-10-02T18:20:59.856055+00:00,400,,,,HTTP Error 400: BAD REQUEST,raw/gamers4-life-wayback.body
gamers4-tools,https://gamers4.life/aion-2/database/en/tools/,https://gamers4.life/aion-2/database/en/tools/,html,2026-10-02T18:23:11.125525+00:00,200,text/html,169255,af649a10d41f7d2768067cc329dde4fa86b2ea941bb18c1dbf06cdc8d3e24571,,raw/gamers4-tools.body
hub-com-launch-reddit,https://www.reddit.com/r/aion/comments/1txgvxg/aion_2_was_just_at_summer_game_fest_if_the/,https://www.reddit.com/r/aion/comments/1txgvxg/aion_2_was_just_at_summer_game_fest_if_the/,html,2026-10-02T18:32:40.533138+00:00,200,text/html,8464,d7bf5c99122407c6906fd8c69a1a518eecdb224b457932bfd7cc2961cb48f5c6,,raw/hub-com-launch-reddit.body
inven-aion2-home,https://aion2.inven.co.kr/,https://aion2.inven.co.kr/,html,2026-10-02T18:32:44.348660+00:00,200,text/html; charset=UTF-8,559975,3c5cda08420b36770e74808d7e048b2533b40cec3dcdcc0a313b098e416b4aff,,raw/inven-aion2-home.body
inven-co-kr-semrush,https://www.semrush.com/website/inven.co.kr/overview/,https://www.semrush.com/website/inven.co.kr/overview/,html,2026-10-02T18:32:44.789515+00:00,200,text/html; charset=utf-8,453581,31afa9f47bb2b26db5fab0b0b7d6cf609ae9729e6fec3f22ee10b8a609a6a0be,,raw/inven-co-kr-semrush.body
questlog-gg-home,https://questlog.gg/aion-2/en,https://questlog.gg/aion-2/en,html,2026-10-02T18:19:59.619699+00:00,200,text/html;charset=utf-8,17142,d1d8f5047c5384d5cf331102844790813b11da8a28c91ce1316d3a4013ae4f7d,,raw/questlog-gg-home.body
questlog-gg-rdap,https://rdap.org/domain/questlog.gg,,rdap,2026-10-02T18:19:59.621315+00:00,404,,,,HTTP Error 404: Not Found,raw/questlog-gg-rdap.body
questlog-gg-semrush,https://www.semrush.com/website/questlog.gg/overview/,https://www.semrush.com/website/questlog.gg/overview/,html,2026-10-02T18:20:22.298023+00:00,200,text/html; charset=utf-8,435329,1f13e5927da23739045043a5a62230a2eeab9fa6ae98bbf5f67e4b88235da2c4,,raw/questlog-gg-semrush.body
questlog-gg-wayback,https://web.archive.org/cdx/search/cdx?url=questlog.gg/*&output=json&filter=statuscode:200&filter=mimetype:text/html&collapse=timestamp:4&limit=1&filter=!warc/revisit,,wayback,2026-10-02T18:20:57.932437+00:00,400,,,,HTTP Error 400: BAD REQUEST,raw/questlog-gg-wayback.body
questlog-hypestat,https://hypestat.com/info/questlog.gg,https://hypestat.com/info/questlog.gg,html,2026-10-02T18:32:47.575126+00:00,200,text/html; charset=UTF-8,126343,b20931689c4b100067f3104a775b8ea0652149b2d79d85f45e10a8a2ef7f5056,,raw/questlog-hypestat.body
questlog-launch-reddit,https://www.reddit.com/r/Aion2/comments/1q9aikc/weve_developed_a_aion_2_companion_website_with/,https://www.reddit.com/r/Aion2/comments/1q9aikc/weve_developed_a_aion_2_companion_website_with/,html,2026-10-02T18:32:40.126923+00:00,200,text/html,8469,318c0c5c91aec5c2c0b3532951c924eb5ddbe53bcf8dc94bf2c2bf31f1585953,,raw/questlog-launch-reddit.body
sdk-client,https://raw.githubusercontent.com/nuriland/aion2-api/main/client.go,https://raw.githubusercontent.com/nuriland/aion2-api/main/client.go,text,2026-10-02T18:23:08.511612+00:00,200,text/plain; charset=utf-8,35348,f255ee6ba9b13148df9ab4cc5fee3a681e90f0b8eaa4343ea57df1a5c3d7558e,,raw/sdk-client.body
sdk-config,https://raw.githubusercontent.com/nuriland/aion2-api/main/config.go,https://raw.githubusercontent.com/nuriland/aion2-api/main/config.go,text,2026-10-02T18:23:08.505506+00:00,200,text/plain; charset=utf-8,4754,5f35dd131b6e42473ac46cf91ae2739923701fc4c65484c7a77d2d91d7d0c0ed,,raw/sdk-config.body
sdk-endpoint,https://raw.githubusercontent.com/nuriland/aion2-api/main/endpoint.go,https://raw.githubusercontent.com/nuriland/aion2-api/main/endpoint.go,text,2026-10-02T18:23:08.511612+00:00,200,text/plain; charset=utf-8,1957,492167c0907bf10a5e94346b99bcfbfd9c803064e38412dfa547f1e205afccbb,,raw/sdk-endpoint.body
sdk-license,https://raw.githubusercontent.com/nuriland/aion2-api/main/LICENSE,https://raw.githubusercontent.com/nuriland/aion2-api/main/LICENSE,text,2026-10-02T18:23:09.430194+00:00,200,text/plain; charset=utf-8,1061,7687ae0ff4afab6e83d820d3dbabc3cc559ee566c09602b40d6f0a91be49d2a0,,raw/sdk-license.body
sdk-query,https://raw.githubusercontent.com/nuriland/aion2-api/main/query.go,https://raw.githubusercontent.com/nuriland/aion2-api/main/query.go,text,2026-10-02T18:23:09.255932+00:00,200,text/plain; charset=utf-8,3070,0ac1fd60b813e170645bd3b4e41e61e2da39306c6a8d04e351f3e95597f5f08e,,raw/sdk-query.body
sdk-readme,https://raw.githubusercontent.com/nuriland/aion2-api/main/README.md,https://raw.githubusercontent.com/nuriland/aion2-api/main/README.md,text,2026-10-02T18:23:08.505506+00:00,200,text/plain; charset=utf-8,4258,f9668ad1ca15111d5195f2fbb6fd0c59048a918e523f7cfe30551dd814c779a1,,raw/sdk-readme.body
sdk-responses,https://raw.githubusercontent.com/nuriland/aion2-api/main/responses.go,https://raw.githubusercontent.com/nuriland/aion2-api/main/responses.go,text,2026-10-02T18:23:09.372633+00:00,200,text/plain; charset=utf-8,7466,c6e33675e3ca4cf9c65d5222ebfb23349dba8ab217b651156370f6395ea327b3,,raw/sdk-responses.body
sdk-types,https://raw.githubusercontent.com/nuriland/aion2-api/main/types.go,https://raw.githubusercontent.com/nuriland/aion2-api/main/types.go,text,2026-10-02T18:23:09.387009+00:00,200,text/plain; charset=utf-8,19240,8823d52697bd005b31164ed23caae552aa227ffa78967571920f45592e0c9d4c,,raw/sdk-types.body
shugo-gg-home,https://shugo.gg/,https://shugo.gg/,html,2026-10-02T18:19:59.621834+00:00,200,text/html; charset=utf-8,18651,37ce158791858ee66b4661fb32f5b8879bc16fd9e146ea72e98214d2b430ccc0,,raw/shugo-gg-home.body
shugo-gg-rdap,https://rdap.org/domain/shugo.gg,,rdap,2026-10-02T18:19:59.621834+00:00,404,,,,HTTP Error 404: Not Found,raw/shugo-gg-rdap.body
shugo-gg-semrush,https://www.semrush.com/website/shugo.gg/overview/,,html,2026-10-02T18:20:22.299102+00:00,404,,,,HTTP Error 404: Not Found,raw/shugo-gg-semrush.body
shugo-gg-wayback,https://web.archive.org/cdx/search/cdx?url=shugo.gg/*&output=json&filter=statuscode:200&filter=mimetype:text/html&collapse=timestamp:4&limit=1&filter=!warc/revisit,,wayback,2026-10-02T18:20:57.936238+00:00,,,,,<urlopen error timed out>,
shugo-hypestat,https://hypestat.com/info/shugo.gg,https://hypestat.com/info/shugo.gg,html,2026-10-02T18:32:46.200048+00:00,200,text/html; charset=UTF-8,24141,c424aa321c4378cd99ac045e0cf3b055067392b73c2741e41c63de43e17b1670,,raw/shugo-hypestat.body
shugo-launch-reddit,https://www.reddit.com/r/Aion2/comments/1pi2bxn/just_created_shugogg_check_your_profile_in_english/,https://www.reddit.com/r/Aion2/comments/1pi2bxn/just_created_shugogg_check_your_profile_in_english/,html,2026-10-02T18:32:40.141453+00:00,200,text/html,8473,573f275a3c766a8c8c57c047c24d8e1ed0d815122f93a9dff3c53847577ab245,,raw/shugo-launch-reddit.body
timers-migration-reddit,https://www.reddit.com/r/Aion2/comments/1wp1avo/aion_2_timers_update_9242026/,https://www.reddit.com/r/Aion2/comments/1wp1avo/aion_2_timers_update_9242026/,html,2026-10-02T18:32:40.533138+00:00,200,text/html,8451,aac79f8831f87b1713ff1efed0ea57f73d6ba08fd978db397d3550e825f5b982,,raw/timers-migration-reddit.body
timesaver-gg-aion2,https://timesaver.gg/blog/aion-2-release-date,https://timesaver.gg/blog/aion-2-release-date,html,2026-10-02T18:32:42.989919+00:00,200,text/html; charset=utf-8,374349,a83affcdd4980bd71df85f522130ee5654a60078656cb325914acb53c3bbeb65,,raw/timesaver-gg-aion2.body
timesaver-gg-semrush,https://www.semrush.com/website/timesaver.gg/overview/,,html,2026-10-02T18:32:43.139382+00:00,404,,,,HTTP Error 404: Not Found,raw/timesaver-gg-semrush.body
tw-api-community-spec,https://raw.githubusercontent.com/go2fofo/aion2-portal/main/docs/api-specification.md,https://raw.githubusercontent.com/go2fofo/aion2-portal/main/docs/api-specification.md,text,2026-10-02T18:23:09.911533+00:00,200,text/plain; charset=utf-8,2747,84dd203a4ddd74c09b25c2ece91c9ebcd3f9217de1b7657057a916147f14cc93,,raw/tw-api-community-spec.body
wayback-questlog-simple,https://web.archive.org/cdx/search/cdx?url=questlog.gg&output=json&filter=statuscode%3A200&limit=1,,wayback,2026-10-02T18:32:49.080970+00:00,,,,,The read operation timed out,
